id,review_bucket,client_id,publisher_split,duration_s,text,audio_path,audio_sha256,pcm_sha256
common_voice_26_yue:common_voice_yue_37149399.mp3,random_duration_stratified,77d90f3d65bc3977a3ba4b66408711ad3e4d1144b8a0ea0c283ae598a64a085ef75c1874f17d5ffd00e491a6562b5fd518d4d9046088cbc4e2182415a7be5800,train,5.76,講完又唔使負責嘅梗係乜都講㗎啦,artifacts/datasets/external/common_voice_26_yue/extracted_train/clips/common_voice_yue_37149399.mp3,60a93933d40e769a1a8bfdf754a92bc1ddc0ac8d68287eda12dab94c17aa9b49,dedceb3b7a243b967d0dd9be51ebb3ab1aeb0594305f4d659ea13f7933ac13c0
common_voice_26_yue:common_voice_yue_37303189.mp3,random_duration_stratified,16a332e891e86030aa9d08ab032fe026c4d4857b64902c386f3ede705373ecf9206f58d712a91a07a63dcbd14f133ab48571bfeb88927995224b299916af8fa5,train,4.752,寧願正正經經睇大陸片好過,artifacts/datasets/external/common_voice_26_yue/extracted_train/clips/common_voice_yue_37303189.mp3,7c806758b78deeea714bdf1c48e13f683d0072df577d1360dc05ad9fe86e9529,acf71a485d718560851da47f181c26de9056e0548044f57d98cad6296e47621c
common_voice_26_yue:common_voice_yue_31492759.mp3,random_duration_stratified,8ae8769d84844c135e7b9a731c45fb69a9bee11fb651e6448723cfd7caf6207d553784a677aa9446f1f769f6b85bddf27ef9081fb22aab7ee883ba68ad5c720c,train,2.448,破咗產咩你?,artifacts/datasets/external/common_voice_26_yue/extracted_train/clips/common_voice_yue_31492759.mp3,0b836f00f4723a1b0fee842ad237f14aee1de79b4180a15565f66973a5030a84,e4bce7333577c23464d3078c8571e43a23a429cb18def5552247b97a39707551
common_voice_26_yue:common_voice_yue_41036414.mp3,random_duration_stratified,da29e7ba208fd87e4f7c6db6ccb417d0188b792aa3824685845677e7df1f0e2b71bf29c8599fb2779bd276d83eeebb1ab2883d23f53ccf45ebb498a2e5d3e5cc,train,3.024,我諗你會明白嘅,artifacts/datasets/external/common_voice_26_yue/extracted_train/clips/common_voice_yue_41036414.mp3,20d59fa89350211c52ba5be12e2394d659f5de7b6ea31f77c29c4e17ae6aa5b5,5a9c03d5cd0ea75ad148c5996454c674d5deffe7352826da108d26fc0f94e90c
common_voice_26_yue:common_voice_yue_38015813.mp3,random_duration_stratified,3d2215cf1146787f85f91f09e7f9914e3dfa78db00876ad94fddae3815a62db969096ff0620566cd5c499a899ae512dee85bb01cd56e7f1c0c37d428906cad40,train,3.528,做我個女要夠堅強,artifacts/datasets/external/common_voice_26_yue/extracted_train/clips/common_voice_yue_38015813.mp3,10e6d0007e7c96aa03a393afbabd7b4cd3ef8dd0f0e713547a53bb0e273d4b49,496c7b965d09fa488a5c029cb10da5173c2a5a4a23f13771fee283e1b17050fb
common_voice_26_yue:common_voice_yue_34960376.mp3,random_duration_stratified,203036eb7e30bd381a368c925eee3d6ceb58387bb8259a322c63aee2f5fd218c9fa439180f6717d2f8a7380856a91acd577813bbe47912c7361ceb080754bdf2,train,4.608,我都係因為佢先嚟呢度讀書,artifacts/datasets/external/common_voice_26_yue/extracted_train/clips/common_voice_yue_34960376.mp3,8bb47ed6cb70e480d3a8fed7ad8ae842be7aa61c2492fa91b1e8be5a7a1ba62c,fae4415a22f34d118175b0f9a8e8812472b2298c964146beec8d9e4224991795
common_voice_26_yue:common_voice_yue_39178110.mp3,random_duration_stratified,6ea6b5e439db1d3e6ad24cbcf088bc171ec4d2ad18eb44808da8827eb3c3bf9f43d3de4d3a7b0a91641a609c066ebf1d2ab57b63af66fed32ee1ae713ac2375a,train,2.736,如果你仲嬲嘅話,artifacts/datasets/external/common_voice_26_yue/extracted_train/clips/common_voice_yue_39178110.mp3,b8b518ad56201ea7f9089e326a46000f160c458d544274cb53a68b7585da0448,8f457048c6785b4a1a55e69e1b5a4411283b1aa30b759b57d12de21bb11f3427
common_voice_26_yue:common_voice_yue_40885899.mp3,random_duration_stratified,2a6ff8f31af07cd33b8a515f8661cdfe382287b7fcf534025b36b0a2d30587486b04134550fc28f89e9c6b892e3abe4ba605ba4109d87cd2242878394045d542,train,4.176,我聽到去屢敗屢戰個到就冇聽,artifacts/datasets/external/common_voice_26_yue/extracted_train/clips/common_voice_yue_40885899.mp3,e870385bbe4ea560fa842d18aba24a6531a3f436d2547118d84c3935b3ce9412,03fced8bc9c03210e1888c4b7eb6ddb2aecfb021cab49afb4b0ad956f880d18b
common_voice_26_yue:common_voice_yue_32315996.mp3,random_duration_stratified,1b573a3a61d980ffea59f8bbb37b27ced537aec0fc67ae340736ba7183fee5e04a9b83b8a0e21b9f0fe3b3c932101726ca6298dd73547771f80cf1f1c8894078,train,3.816,我睇下邊間課室有空位先,artifacts/datasets/external/common_voice_26_yue/extracted_train/clips/common_voice_yue_32315996.mp3,ea45c6f5566d1a28b69ad41c21e7bcabb0a44507580df0ff45cfb8f9341a0455,5bb97ad75582f1e97b27bee168fe86118e361987e59ab08e8566d513bb5e39a0
common_voice_26_yue:common_voice_yue_32410788.mp3,random_duration_stratified,73d6dbe193d3732f08490faf79345802d14a710333930f86b36db794273c7cfcfaca12099fa2c934417218b390d196943945fdad5edc2e025c16651bfc80abe7,train,3.6,盡快搞起佢啦,artifacts/datasets/external/common_voice_26_yue/extracted_train/clips/common_voice_yue_32410788.mp3,1e89a449be7baa8be3ee4225acca25439bd88b0d7307852f7dc56d7343ffd2e7,5283add2928245b02c95d486d3aa9f3bed5d78a4f45bd92cb58ecca1e8e0795c
common_voice_26_yue:common_voice_yue_40865184.mp3,random_duration_stratified,a02045ea5b6b44b18f00a371eabb6efb64b00207069ecb374db61b89365058561e724571b003fd14772b425814d1de60eaf3e228e2ae391d35e91d716c6b776b,train,3.384,噉試下擺喺心入面,artifacts/datasets/external/common_voice_26_yue/extracted_train/clips/common_voice_yue_40865184.mp3,7b10456a1c10e9775ab70207571564038434e427c0b252098d166190b495794a,4fb2de4bd82cf0698933c74c184ba6187d0a4d87bff32998ff695e634eb35099
common_voice_26_yue:common_voice_yue_35195276.mp3,random_duration_stratified,dd60c03e1be08e8f17aa44ea8052b683d6701fded5546679811161d40dc1764d79245080778dd71831894475127e0efb9a1bfaff6377c5ca89c79af8562f3e99,train,3.312,買交通燈嘅蔬菜,artifacts/datasets/external/common_voice_26_yue/extracted_train/clips/common_voice_yue_35195276.mp3,ff89b328b2aa221a1860b56f108c3ee1c318dcf8b05dbd86f6b000383dd2d262,ff763945d2ab53f628ee7b8ede581d2df29725e7a67f29bd92b7214d8e63171d
common_voice_26_yue:common_voice_yue_41056767.mp3,random_duration_stratified,b1a12c0c1ec60b2aaf366d0fee8e3a7625b3a3bc5c957aca66cf3287c2333b909d172ea3fca38193fe7d4cd0ba7392711cbe7da53de1c518e80bc9698ec4889b,train,3.888,淨係知邊隊贏咗,artifacts/datasets/external/common_voice_26_yue/extracted_train/clips/common_voice_yue_41056767.mp3,d311f0140204ba836ef0d189fe63d2944276d83b71d422121ba6928984978198,6ef51dd1078c092e98d7fab4d72b24f4a7ecb713372fd1b3adf06e8c23b28ccc
common_voice_26_yue:common_voice_yue_40841536.mp3,random_duration_stratified,d08d49aeba63a96d22cadd7a38a860801c78836f7b478112ec45acdae40425980a4ef4cba18f55b6d33b4088c690be28f68d6487bafa9c80462024185c6b3cd2,train,3.744,"第一次玩,爭啲過唔到關",artifacts/datasets/external/common_voice_26_yue/extracted_train/clips/common_voice_yue_40841536.mp3,ecaba0ab3491b858615fa413f642aeb2e582dd17347002f280ee912e114f0963,f8e322b74b884aec5361e2e0cac868228669dbb5e8785e9a1542efef3ce5d484
common_voice_26_yue:common_voice_yue_31690396.mp3,random_duration_stratified,1641d86bb68d46da6ebc1397f310b4fee06cbcacdc96cdcfa8d3eb20881751ef3dc267b6a75425d6622d0df99572e700ab3d8668467f18bb5fefd22d5dc7ff84,train,4.86,咩聲啊?鸚鵡啫,artifacts/datasets/external/common_voice_26_yue/extracted_train/clips/common_voice_yue_31690396.mp3,6122574d81a43326ba1cf3e598332bbcfba4501ce22d4051acc55aa10b53cb08,fc83f8e3413dd97245974573b953d9edc6495f88da9f08348481d98b0affd1af
common_voice_26_yue:common_voice_yue_40703328.mp3,random_duration_stratified,ce5cf1a50136a0c68ea013167e59280c9e32dae8fb1011319950c54c129fe1e3258a6d91bb1fb6fd09f942d09fef93baaca97801462be2cb71f1eaabeea017d0,train,6.372,"或者探討下生命嘅意義,一齊思考人生",artifacts/datasets/external/common_voice_26_yue/extracted_train/clips/common_voice_yue_40703328.mp3,e898a11e6d28b9970ebf0a2b3ac4e4fe50498a612b3581582e1ac2c17152fafa,30dbcc5e69d81272b924030e39d3285bd3ee352092af26895c3c03b6383dc167
common_voice_26_yue:common_voice_yue_41040750.mp3,random_duration_stratified,3c66a28d6497f400a5ea996c035efc1c169f7fa2b64a53ed93ed14e8a06f0a8d59210bcb0e3db63df6b93ec0aab7c2ddc86f6dd896a77cb648b5d3ef8af1d616,train,5.076,有冇人想睇猛鬼三寶套戲同玩劇本殺,artifacts/datasets/external/common_voice_26_yue/extracted_train/clips/common_voice_yue_41040750.mp3,72075b9656da15369ec42a912b43a5925c278648644d649f3b4c4669738fda81,4e28716e234eb1e3b9efe420d76de9dbe2dd493c51d3cd76323df0108cddacbc
common_voice_26_yue:common_voice_yue_32409176.mp3,random_duration_stratified,b158b34562b840a847450fdc8485f4402af776b606c216bb525895732a9e1688c40057c5e6196dd830a777bdf8650fec9aef2d87e56ec9de2575811d30ff3028,train,3.996,請問我可否知道人工係幾多?,artifacts/datasets/external/common_voice_26_yue/extracted_train/clips/common_voice_yue_32409176.mp3,96fad955f31508aec19ad418987c627038c0182545a3f39c656210c5a09c384c,c3f414fbbb93cd62d29f29da78f01a9a1ba450f5e470f5c6dcabc3590fec7feb
common_voice_26_yue:common_voice_yue_37562981.mp3,random_duration_stratified,3cf3510ca39436acfcc06a5e345605d219f949a3dc1687099d83a22d0f2a7500ad261fcf0ad64adf5c73421cb0c1018ab3a9c077159d15fd84580ed5a4321a60,train,4.356,呢三個月你有冇見佢哋出來,artifacts/datasets/external/common_voice_26_yue/extracted_train/clips/common_voice_yue_37562981.mp3,858783a2941f5b00ba3136c8c4860ddc8271b0882d24338569b5a24a18911a41,7d966aa1f07fcb669d85389d37054e1e1c9164dd153304738aa93fbdb4a23a91
common_voice_26_yue:common_voice_yue_40641571.mp3,random_duration_stratified,ef2549753d6376d8aea81d4634c69c2fca584dc24ef4371cd0888b815f75fe347d3333a752c36cb23f98234173f82388e48ad3cb8a78231735e427f1689d5d4f,train,9.18,"再要分係阿爸嗰邊啲親戚,定阿媽嗰邊啲親戚,阿爸嘅堂同表都好似有得分",artifacts/datasets/external/common_voice_26_yue/extracted_train/clips/common_voice_yue_40641571.mp3,36f562aee7d68e729cf2ae78652a70822a84c5b30533eec0e3082a9cb3a9b854,dc1690448952203f85283dd23f5a9ab99d008c3c526271b66073488f37e90604
common_voice_26_yue:common_voice_yue_31344359.mp3,random_duration_stratified,f507d8619ebd210fdddb53ce6d3d192c55aacfb7d65c8038629549419afc1d3e683f220bf556a156811b421efb279e07ccd22c72288cbdc11bf5d86556311f2e,train,7.272,"我高中有個同學係寒冰掌,沖熱水就感冒",artifacts/datasets/external/common_voice_26_yue/extracted_train/clips/common_voice_yue_31344359.mp3,06a7fbd57ae59f0db3248f2158e879281bff0ddbb5d8abb6ea624c37dc60b3c3,99a377824041af7ab597601fa2c83a21e063e048682cdada7f5547e230f8223b
common_voice_26_yue:common_voice_yue_31191892.mp3,random_duration_stratified,47fc0a87e8a036544553d82fd9807e461182d89376726796045c452d2a6b6a2dc54cac9e7a767136ad4861421131d6f8ed7179ea371144275add58eb7ef00961,train,5.4,我晏晝食咗啲麵條,artifacts/datasets/external/common_voice_26_yue/extracted_train/clips/common_voice_yue_31191892.mp3,bf6303249697b8239e57a901d88f9f1118e246343c2eca0d55bea3c1066c5263,b42b3e8f67a0b6fc6914ed7f8fa9109f09c542ddaf4f6a04b666131ababfb94c
common_voice_26_yue:common_voice_yue_32416923.mp3,random_duration_stratified,1240a6628af8b93de7a740cd59eb4ff2a95d6a6ae39267b006e23e35833c09bb0477dbdc0f1a32300091d23fb156702350432cd0c2f90a05055c25c68d91bfa1,train,2.52,點呀?好啲冇?,artifacts/datasets/external/common_voice_26_yue/extracted_train/clips/common_voice_yue_32416923.mp3,494d75c32251f9e2ade4f8c11f5ebac1676778e781d8c53530f7113d6221303e,d84d2f54ea948bf61b67dce059f809e212c31d8592f0816a49615d178606dd4f
common_voice_26_yue:common_voice_yue_35514215.mp3,random_duration_stratified,8d0b795c13780ae7cb9f6e79d4bccfa701fa65b3e58e1c865d387d8ff84554797ed7612f51af49f19f5670ad6508afc47e4eb2ecc2a992bc8842f12858e47caf,train,2.016,繼續執垃圾,artifacts/datasets/external/common_voice_26_yue/extracted_train/clips/common_voice_yue_35514215.mp3,fb23f60ce680f68e658c1899ebdf2c122df741b948662ef3d84fa3d181f5a3cf,04b377eea58e79cb963532a61918fd302a049f9e2c9200452fdfbf49c6f676e2
common_voice_26_yue:common_voice_yue_41041767.mp3,random_duration_stratified,e5b4acaac5e9c73b7d7c16191b633926994e7e033511929af325074d3477fb319c41bb65b6105634fbd4be3d94dd05bf4d6f72580c0675b3ebe7f60a4e6a6c7d,train,2.88,莫非閣下係主持人本人?,artifacts/datasets/external/common_voice_26_yue/extracted_train/clips/common_voice_yue_41041767.mp3,9db5cdf351c6942313fc34fbdd7963c09e0439a554beb592311dc06ae95e809b,3c9c29ae46f7f691905af022ce791fed1b2108e13284a391db40dcd81c78d252
common_voice_26_yue:common_voice_yue_31471831.mp3,random_duration_stratified,5d839c497460775336854a0587cfbb443adad6cda9cb8a913df6f43efe5eef0ef70f7846c0920cfeebc3dec01978a5356405742ea82a2a40a0cc84af4c910677,train,2.628,好靚女噃,artifacts/datasets/external/common_voice_26_yue/extracted_train/clips/common_voice_yue_31471831.mp3,cc5221cc6c15ff8fe5baa55362739e05d045cb30283d367ee311cb6d86ed622f,c4680d59cf431ebf4721152eaea5396682f83e65a9dda22326da2ebc06016dd6
common_voice_26_yue:common_voice_yue_40970292.mp3,random_duration_stratified,badbc1454c9286ad95b3046344380deb0f54183664741c48c97f55bfef7da4b11d2227b16c32e6d27a99df0ce500592bc4ba9d6b05dee4dd749d4c1a762684da,train,2.52,相當有道理,artifacts/datasets/external/common_voice_26_yue/extracted_train/clips/common_voice_yue_40970292.mp3,4a6dc7892c3383f29c4454a7f6188d04fa0ee8012e1bf88a9f73ddaa9cabc89b,e02d4fb45d88fa422b49be0294857e1ea2c3232fa3ad80c0f751987c353e3c49
common_voice_26_yue:common_voice_yue_33176020.mp3,random_duration_stratified,c6306cad0f59bdac2472f0a8fad5fec1c8a1f3826e88672259b09ef7196c9edd6a196241c4dc5e2cfa54e9b4bbbdf0c7b86d2bdda7218353e6b0be5fb25d8beb,train,7.128,"我嘅主見就係交畀專業人員處理相關事宜,OK?",artifacts/datasets/external/common_voice_26_yue/extracted_train/clips/common_voice_yue_33176020.mp3,50fc16dc9d4f2fc336e80295aa98bff6f4f1dd864cd992fe4023414d12d78df5,32025c70275aba678a275e136136a76f956c908e06f3252a4dbb31a5dd65a35d
common_voice_26_yue:common_voice_yue_40978268.mp3,random_duration_stratified,5307ad68864ed4121ced741f522d3f4c6cc35fd07427d96e1cacca32dac042ab12c425b28a6feddaec205c4d0c5f465412e9722fa97aa75b4d7662b5e718b10b,train,4.284,有冇見過管軼仲有得出鏡啊?,artifacts/datasets/external/common_voice_26_yue/extracted_train/clips/common_voice_yue_40978268.mp3,a5913f494ba4229c74316c218d3e92813700c4b60c24ee144ef0861eef899c24,c9947846be899e66f0907d7cdbc29da5490de33859a66ba846e544811d044126
common_voice_26_yue:common_voice_yue_32079332.mp3,random_duration_stratified,8f049c5940ddf0ef770b65494569df7413b10dd684369f681775acd91ec926c49a07eda330ebfb414267c547b4b48275915f71a2fc007be5c458d41913198079,train,2.808,你一買完就加價,artifacts/datasets/external/common_voice_26_yue/extracted_train/clips/common_voice_yue_32079332.mp3,a1eb0739263a1135e743c44abb4858561d4cbd6fb90a9db297317539253f5940,4b55e00b8bfd4883c7e42bf0f00a7f850f0c009b4f9f0c0e66804815a44381f6
common_voice_26_yue:common_voice_yue_40653457.mp3,random_duration_stratified,7d378ea9561b72b45de7692b9014f776ce2c4779c482f0e23d00df1b8056c54c164d1b27af6f6e441f96f01626c33ac9093156510122940acb3de333c07142da,train,2.916,冇諗過你可以咁冷靜,artifacts/datasets/external/common_voice_26_yue/extracted_train/clips/common_voice_yue_40653457.mp3,6aab5926686ff9ffb0f06c55ae150632ade84b0627bb430150e591f58ae10dfd,e40170246e0b2de0d04b7f679cc5fcc3dfe5378907fa182392b32eee912f394c
common_voice_26_yue:common_voice_yue_31272387.mp3,random_duration_stratified,b994cad4b593745d8f74e605d7980c4b75093d6ecbca8eecf1bbc2fe32be1995e6064cea3eb40bda5088acd1f0ab7ed8820209dfba1ea4ae97c654431181c117,train,3.888,你嗦一啖我嗦一啖,artifacts/datasets/external/common_voice_26_yue/extracted_train/clips/common_voice_yue_31272387.mp3,24a39b1201f7e64fc763f430cbb740a09199d68b09815e8ac632725dc18e4aaf,9f3e44f14e3acad36c6418a709c324265c78cf97e853eeaadb0a4df4ccfd1a19
common_voice_26_yue:common_voice_yue_41018189.mp3,random_duration_stratified,6b9c572083b2b25d53eaf0397258ff1918d3dfe2e26847e3a1bcfb7cb2eaa54d28fe5c37873aefbd176659f7067a3813f3f8fd4947b2280448e98d58e4a9e845,train,3.816,其中一個功效係消毒退炎,artifacts/datasets/external/common_voice_26_yue/extracted_train/clips/common_voice_yue_41018189.mp3,8b8b17fdd0f609d03b2ad2ae680e1a0144a45b221f235e5d5d8bd0269ad5fb60,0f97886969ecae2af7b6c9efb1e89198e57d98914e864e03c27c85f95114f8f1
common_voice_26_yue:common_voice_yue_32275429.mp3,random_duration_stratified,ee809c99ebdf869bd8c751f00eae9831caed639ffd351d22178d9a6be1c889461ea069bd3072ae4bd08021463f845b49d364b6ac877812ec3645e5d42c438105,train,4.788,"如果唔係,我都可能幫咗佢",artifacts/datasets/external/common_voice_26_yue/extracted_train/clips/common_voice_yue_32275429.mp3,79061ae1778a60d6d6ef49af111c692401fb9296c8922267283e4ab5e2264003,bac6be2e1a9d9bfd07133383f00856af069229753cf85175a2f90e941ca01935
common_voice_26_yue:common_voice_yue_41052673.mp3,random_duration_stratified,3b485c3d471434c731492c7b521190988b5d77c345b789050345fa2219f312d728072edbf06371933ee001df66f022b9d67b1f3e0123fc9454c72093ee74b9d8,train,3.78,好趕時間出門口咩頭先,artifacts/datasets/external/common_voice_26_yue/extracted_train/clips/common_voice_yue_41052673.mp3,fcf3ac01b4c2be879e15d02946a7c9bedb98cf6d7d56a6b1907b596b86758fdf,928c2675e4a3538feaf3151b3407d26a2b36e39bbd7e05f40f77ba535c206260
common_voice_26_yue:common_voice_yue_39337485.mp3,random_duration_stratified,f8245315999348c132e1af18b1d15965aed4d56d1b4fafc1abdc513d324c273e7a10aaa0ec4c5c70f9f685c698e6dd0272f538cee34abc65b12547c95a2156c2,train,5.4,捉住佢!唔知咩嘢嚟㗎!,artifacts/datasets/external/common_voice_26_yue/extracted_train/clips/common_voice_yue_39337485.mp3,3237ac31e1ee8bceda9bc235240321e0e0fa15de8dd650ddb150e5c3675171c0,3a45c69fbaa1ee35634dd0af16b9b1d8e90a3f172355e976711c5fd9c9a169f5
common_voice_26_yue:common_voice_yue_40708696.mp3,random_duration_stratified,d9cceb8b315c49c96d4bdc66d5c62511cf6eecd4439507b568eca9f2ed746602916e93f37c4cfbbe0c308a3b60551c2ea719cd90deb6647ac189be3c927466f0,train,7.308,"唔係講笑,香港連聾會都可以唔安排傳譯俾聾人,搞到被人告",artifacts/datasets/external/common_voice_26_yue/extracted_train/clips/common_voice_yue_40708696.mp3,553518d1870d2abee6b02d2bd46b32dac025d444fd0774fff45927462428f177,b3ee001ff73afb57a8fa147a1f5955ae788c9c18fc6fa9ddd27a3775f58a8dc6
common_voice_26_yue:common_voice_yue_40901814.mp3,random_duration_stratified,ddfa7b9fc09f656b9b4de4ee98e801c2a68b2788730691c6ce8d3998532eecf610ce5caccc94bed53a87fb1430a7410a9e2fe573cf74960f3de4f092fa4491d0,train,3.636,"呢度唔理中文,齋講粵語",artifacts/datasets/external/common_voice_26_yue/extracted_train/clips/common_voice_yue_40901814.mp3,cab1aec3273325b02e6f6656f6fe19a33333d960214d9c3e0a0187781a4b9d7e,a84c431cc874805151173502c042068a061752a410880b5d186dba696af2da64
common_voice_26_yue:common_voice_yue_32999126.mp3,random_duration_stratified,5a117a345163c4c4abc8ed6b82dcc6185811d1b999550011b47f56783280e4bc4e2385eb83f80c9991f3869f7bc0433e3e3b66adfd08bc32398074f919262f15,train,5.796,我就知小米有個六百蚊嘅鍵盤想買,artifacts/datasets/external/common_voice_26_yue/extracted_train/clips/common_voice_yue_32999126.mp3,cbf97aaf59036ec585e4726b0e21104dffeab0e870fe8f6d7c9b78973a5f2de4,7ffb8883ce06aa6920988ee5f75ba0f5f9b24a8ebaafcecd87f96095225ae4b2
common_voice_26_yue:common_voice_yue_31223975.mp3,random_duration_stratified,b472f8e5800db5f400e4b5858c16d68d205f19888992c65770b5a3852c5bfc0cb94a22890f49ca720dff40b3a1e8d466c2290a3480b916df03ea07322657f0d8,train,3.348,好似呼吸困難,artifacts/datasets/external/common_voice_26_yue/extracted_train/clips/common_voice_yue_31223975.mp3,0f9c0a2c85488b624714c309eea0646ce05d8c7aac2c6763bf3c3072d0da5683,6b6d6e91b9d60e6663c8df325a284ef5c25c8c1165e828ab65a9ffd8a141c195
common_voice_26_yue:common_voice_yue_32358898.mp3,random_duration_stratified,7893a7cef7935d4b8d2b9f70f41e1f457a1482435de6fde21f5a59f5ee4b44e831d8cbc67d9877edb5c6065ad8d166bd75ac6905ad6e5f4146a80edc9711076b,train,3.528,"冷靜啲先,佢會死㗎",artifacts/datasets/external/common_voice_26_yue/extracted_train/clips/common_voice_yue_32358898.mp3,8e80da2cd5ec004d7a70e7c56c7bffb10e862dccf6c525d09285cad56f228fe6,a450b07ca544226ea1a9a51608f7ac528907e149a3a05c487b7b6c8cf3522421
common_voice_26_yue:common_voice_yue_40730979.mp3,random_duration_stratified,f6f2c3f97e4368b3523a1f0f113bfed0c3fcc43a727b17a7de0ad9df6e2522be92319a63211e53e639beb14f8789d2a99a83ee12a50220f0ff818ac5523f735e,train,4.608,大陸有專俾同志用嘅交友程式?,artifacts/datasets/external/common_voice_26_yue/extracted_train/clips/common_voice_yue_40730979.mp3,0f4310d01146f14459cb7286442ad5b3e07c353a77a4d1f11cf39c8d7b81f7d3,90f59c146c5a43e86ec655cc6ec5ef1dddbc73ad3639a54672e52ff49bbdf08e
common_voice_26_yue:common_voice_yue_40867196.mp3,random_duration_stratified,4ac1caf8d9bc2d92dc2e9d7902d4a8e3ea73d9cd4ef517b297fc8cabcea2b4ff792733688772e667531b5cd0721aba2632a9916ac36079d363267079db8c0c67,train,9.18,仲有個廳好多嘢又係好唔順眼,artifacts/datasets/external/common_voice_26_yue/extracted_train/clips/common_voice_yue_40867196.mp3,741822bd562600463c5006355c3dcfa38cb4b2a97cf238c165dbe40c9ca15602,a8a89c4acaf9f9130ec5f509cbeeadf052feb03e533d7700947f9f2b13b49abd
common_voice_26_yue:common_voice_yue_32306677.mp3,random_duration_stratified,45ef067d990f11220c3c1d3d60917866fe388e4bffa560e65a49b57b51d3bd2ecff95ef829798a4c77a13104cf00c45df0352790400a5b5585119288f603b453,train,4.356,得閒再傾啦,artifacts/datasets/external/common_voice_26_yue/extracted_train/clips/common_voice_yue_32306677.mp3,2d6de8a269bf37d02fcc722d4c47bc1454afa0a3dc7795c214141759e94e94e7,5127c5dc960b810213e91d70edeabf93c87bbb5687a9937a2ebb3889685856a4
common_voice_26_yue:common_voice_yue_37154654.mp3,random_duration_stratified,c9ca1ce0d30ae10c72cd798759cd9bccba7423248e068973e35955ed73c9892be53153fa0a11163cb36bd99cf521207fb34b96b35faf2055be0e4c65f192258e,train,4.896,每個月差唔多四萬文,artifacts/datasets/external/common_voice_26_yue/extracted_train/clips/common_voice_yue_37154654.mp3,e405777fbf44192af8e6ef49da63588f2f6089f72d6555650b577cea20d6aa46,5d67b37b3958b14b22e976483647a28726d4ea8404b3518a7675061860b4f405
common_voice_26_yue:common_voice_yue_40974311.mp3,random_duration_stratified,89eaded2cc35fec5ccb92ac2dae9cd5a96862ea017473da7f97167bee171034a093da0e699bb80369e80329a0e7bd6cfeba53ba6995fde79d0413551ed132d48,train,2.268,沖完涼就當係洗咗面,artifacts/datasets/external/common_voice_26_yue/extracted_train/clips/common_voice_yue_40974311.mp3,f91e56272da80a700e87cd99796d893371b6f4c8ae1b36d43030faafcd51dfe5,63efae8cffd534363399a4e8cffeb44e169e2cd89e0f0d99705e915fcceb738e
common_voice_26_yue:common_voice_yue_32260855.mp3,random_duration_stratified,eef81ebcae5bd5f644f6f5c351369c3d6ec3f975dee98d625e03b63fc24d40bcbf23d00318c096894880e1668b0e6608a42efc9a23365f49e7350a92633a8323,train,5.148,點啊你?好攰?咁夜先返歸,artifacts/datasets/external/common_voice_26_yue/extracted_train/clips/common_voice_yue_32260855.mp3,5fefd1a9dcfbd9555f61e6d742dd14a7e23b24fab3d6ba05d5cba597b106e75b,9bfc24ead92339b345abfe46f93f21a4feaafc39b85ff9b599456007f0a09191
common_voice_26_yue:common_voice_yue_37680298.mp3,random_duration_stratified,263b89e196da5c5e5084894a23d9a5705fbc8333c8d58b0a2d9720e46ae315461d2b6b1950cf952e15e794ded8ff3850c42706ff72a53b1c4f6cd9c01ca80a55,train,4.068,"我估我知佢好多嘢,但未係全部",artifacts/datasets/external/common_voice_26_yue/extracted_train/clips/common_voice_yue_37680298.mp3,42e360a1cd34809cb3194faa498657ac178908538eb921ed24072be3d6a2a851,12df69ec72ed8fdd5065ba54b633ec4e42eb397c1647ca360d5508506fbc8f4c
common_voice_26_yue:common_voice_yue_38895993.mp3,random_duration_stratified,ce9cd81c04103997edde281ddc2318bf69d13c7992ead45479884a24ef4203cd389cafa9067b3c168e6db81215345d093e15551296d519b5477778b83e92e923,train,3.06,你哋食過早吂,artifacts/datasets/external/common_voice_26_yue/extracted_train/clips/common_voice_yue_38895993.mp3,fcd81ad1765d5750c0e31eccca3a9da422967493ff8ff054ad7f8d0b14137152,444e4c9fe7d6b88e0e15005cb2fc7080b095571e45555e6b7cfe95b04c0f8aa2
common_voice_26_yue:common_voice_yue_40922231.mp3,random_duration_stratified,3a4f6d2e3ea2d8474d8817de9f66b52cbceac04317a5d441e7bc978813a757f4f9fc25524a1781cee9f89c200bc7e98a61e01ba8e5320defcb6f7969582deef4,train,3.456,"咁多人記得,好神奇",artifacts/datasets/external/common_voice_26_yue/extracted_train/clips/common_voice_yue_40922231.mp3,2ce46d2e0afc680ca2e555ef7d5d03511d201b6d351a400ce603a4dbf2c3c409,0f15f6bc4ad3999aef94ab22ea4ba51b2f8731a98f433ded0e1e1dd0496101d5
common_voice_26_yue:common_voice_yue_31219707.mp3,random_duration_stratified,1a178c86c1596783be48a7396e89019ef1db095cde77b4270034427af3dad6fe2d379b9cc204daa589f710b1ba2fc76245fd9c2bc6f5b02ecb4d67ee50904304,train,3.78,最尾一條麻煩幫我再聽一下,artifacts/datasets/external/common_voice_26_yue/extracted_train/clips/common_voice_yue_31219707.mp3,e2a89ba018e16b12ec2c88ac4e83524389461ba71877a4ef05c65059a10754da,496075fc831c82dc64fc935476ef51f2eb39f663062a65690a341ec8f53e2c84
common_voice_26_yue:common_voice_yue_33107718.mp3,random_duration_stratified,e27f2b6bd7cdb9f3afb82e86715ef6c5e19e0278959e704e04819b74cad1da55fd4ad09b95d0b9e0a1fb9ca5d081ea6b791098514fed6d2d67d8968705c019d5,train,3.348,各位晚上好,artifacts/datasets/external/common_voice_26_yue/extracted_train/clips/common_voice_yue_33107718.mp3,075dbc08bdcf0283627332a08a582f3c261e05b1e4018bbf7ab2bf9473d0d6c9,e4d037646cc800fbd733a1c220acd94aac75248aceb9a9eb173280a2f2ba2ca3
common_voice_26_yue:common_voice_yue_38920815.mp3,random_duration_stratified,69da921b6f574158e360d33e83aeb67fd1c89d466869298aa46297aa156b2d9d010818bafb0e3953c675392d241a2a5b2aeb2ac9d38214b198d75dcdb86a7afe,train,2.52,養狗最好喇,artifacts/datasets/external/common_voice_26_yue/extracted_train/clips/common_voice_yue_38920815.mp3,cfead16e54a25aac77ee73b0f3e2069f3ccb9cc1747af4376b0ceb2db64792cc,ae4011fcccf439b06568a6cf26ba8c15e544bce39615ccd8165d6f5da40ce5f3
common_voice_26_yue:common_voice_yue_31939379.mp3,random_duration_stratified,3ac1a284a10119bbd9f81ab2c64ee3062bd021b9cc8a5ae4d11f9ba2ab54e97e3e7f6fdec74175b596301044897dcc23e2d888677df19d2cc9bb71a34b52c473,train,2.844,反正冇咩人要手寫,artifacts/datasets/external/common_voice_26_yue/extracted_train/clips/common_voice_yue_31939379.mp3,e3a7cb7d8a8a5c303f475fb6cb40a303de335b06e903debc8bd587bf1cf834a2,37419e4eb376ef51c50d44ff9f8f9c640796bbe3a792ef99a6c3bb2646547e29
common_voice_26_yue:common_voice_yue_32883232.mp3,random_duration_stratified,27239ee6e4c76fdf3fe7b1cce0b19850d7b0606343acb035198ae589de9bd986ef94afdfc128a2e66cca93a39dfe5022be16bf55c2b90993d313ad4213d0c6e5,train,6.084,一至五聲都係根據香港大學嗰套聲調,artifacts/datasets/external/common_voice_26_yue/extracted_train/clips/common_voice_yue_32883232.mp3,9e934721a2fbe9e00a30fb9f6772614abc63d23055f25533e0c34be296b0cd52,48d6f6545baf2df7f3a247be32170224701b8a5ade2655644b4ccd1342397743
common_voice_26_yue:common_voice_yue_31889384.mp3,random_duration_stratified,4d9327e84550a91af77ddb5b0fc46d3dedd853927bb0a171e302b7ae4fd6024aa79cc169d95d188ea256498fd9081b36baaecbe6d35acabb1b64df6bba97cdb2,train,3.924,不如由佢自己一個先啦,artifacts/datasets/external/common_voice_26_yue/extracted_train/clips/common_voice_yue_31889384.mp3,392941b7d7b360fa56a16cdf87c8c7aca9fcf68eaa87213285c5390908c7ae72,9b6292d4f7e935ef2efdc9227978b91a4d6879bf1a06f6d5a8188d355ba6fab4
common_voice_26_yue:common_voice_yue_34041348.mp3,random_duration_stratified,283cc6f1d87185348555cc8253c96da88906cd9b34068c8d7d015460d31723fe2e14b462844b6da9d90be8e383ab15b126637f6867bf7e4e600e97a7decc2535,train,2.988,"好難講,佢哋唔會跟風",artifacts/datasets/external/common_voice_26_yue/extracted_train/clips/common_voice_yue_34041348.mp3,821e081e7d3306696e2a7d7ccf6b89f87ec4de6950461986178f2bedef03790a,cc3d187620e6614b5098eed0439a035c65dde76ee3d4b7ea28503be2e46ccdd8
common_voice_26_yue:common_voice_yue_32268802.mp3,random_duration_stratified,f205bdf71e9216863333d0a142c83fb0dd337b825a5d7b69da304d94e7dff7029b273a5347b0d35773c34a64a50ef9bb0bc2135d54d409c4e9ee02247aca00f4,train,3.816,而家有噉嘅現象㗎啦已經,artifacts/datasets/external/common_voice_26_yue/extracted_train/clips/common_voice_yue_32268802.mp3,64c168dbfbdef6c4e66511e3d74b9caaca087f153f8d503e106280b44564acc6,c3c53500f501e5b058f4a27dabde6d2609a1ae553bf729051013b241f987b5ef
common_voice_26_yue:common_voice_yue_40793115.mp3,random_duration_stratified,fcd98da0964b014d43574354c48330229545c61a71dd49ffd20704dda9767afbdc94b5ac5b887faccfb780ee674b36867894f7273c91b7cd519f2b407e38bae3,train,9.72,"隔離線巴士撞咗,頂住我架巴士個倒後鏡唔郁得,要等警察嚟度位拖車先走得",artifacts/datasets/external/common_voice_26_yue/extracted_train/clips/common_voice_yue_40793115.mp3,a308a2951b19eb4342eedb1e02b8e6123e2894d4ab21d4365a46ed521202f239,e8ded530f5c904c9ca70088d7ccb6b36490ed8f2eb0a97f3cb91a05ec64bf544
common_voice_26_yue:common_voice_yue_39643185.mp3,random_duration_stratified,a6e7225140b102ad6936ac23944216038ac16e2e88c48b68219e3ccaa68cc240b169b390b35204eac9ddb254f00c3245c4f2181304ffe51d3121ce5958510bbd,train,4.968,有個好似你咁醒嘅人喺我身邊,artifacts/datasets/external/common_voice_26_yue/extracted_train/clips/common_voice_yue_39643185.mp3,2acfe3fd5127f03e9c524cad64d0cb7b968aceaeeb862c5fe5a71f1fd0c5dfc1,d0d9c8097af7deea811970d6f9d40bdf731e98508e13494a9ec2963a1cc73ef7
common_voice_26_yue:common_voice_yue_40699055.mp3,random_duration_stratified,54edb224f3628ef71c7fbb28cf868625b184f33c5b789e68c4a0abc4cce91ded479649bb998b28c3c827818fbc80f9903d1b65e74a830dff1744895da2bd8ce9,train,4.14,"但係撈得好掂噉喎,咁多廣告拍",artifacts/datasets/external/common_voice_26_yue/extracted_train/clips/common_voice_yue_40699055.mp3,a56bcd2b5640a075756d68fb0bb2f865f7d651b632118883336e076d122610f2,b67268c25619fb42b788da548932a2c1b7c751dccf0f3c8bdfb8ceec9f8cbeb7
common_voice_26_yue:common_voice_yue_31429186.mp3,random_duration_stratified,bd75731ca9b320484180fbbaa9f17461a1a651cc1eb409337190ca8523174975e47b669944d5e8dd8b6a83b8289c4f2432c7ea2ab97abcdaedb9413a55831d78,train,3.528,要登入下載喎,artifacts/datasets/external/common_voice_26_yue/extracted_train/clips/common_voice_yue_31429186.mp3,68d50cad951caefe3816d85b456114f7241865950cff476243b01e0919d63e78,58d313a1e1d30a847e358355ebe13f3869492b5b4ded0d355bb114d51e885b1c
common_voice_26_yue:common_voice_yue_37624881.mp3,random_duration_stratified,7e009cfbb021a11d1fad54834036ca99066662dd0e933a44308600905bd49172d87f1e90eed6b3cea4366c4ae1bfc204403b931e10952b8b610b43fe6d12dda0,train,3.06,嗰度我聽得唔係幾清楚,artifacts/datasets/external/common_voice_26_yue/extracted_train/clips/common_voice_yue_37624881.mp3,0d267f11d941a330f86ab81901b2082896187b5593c3e0aab02022293705fadb,4f17b1d3aa2109d60cc972689ebcb3bd125f313d228c08dcf187736711472be1
common_voice_26_yue:common_voice_yue_38881424.mp3,random_duration_stratified,2d74c8d93952c69d2323a3a05c2e3ca5e4fea1abb450982e6cff03763a58fe36b3ff47f9bfec67f35eb7063f74af193bf5a06cae6c53ed996945655aad35d4be,train,2.268,多謝你接受訪問啊,artifacts/datasets/external/common_voice_26_yue/extracted_train/clips/common_voice_yue_38881424.mp3,896c571bc2f0c680892583686447c6d66e18b98f9c42a1795699c186cd5fa4fc,8b5960784281c913170d2f027fb02cdd681e05bad9ac431b419d4c4f90b9c62b
common_voice_26_yue:common_voice_yue_31851878.mp3,random_duration_stratified,e031a5fb3ee7e4c456efa43f747ec6f2647c22e156e111f59dd3d0f0cf90b76ef76448e1e89fb48e90cb00515e19e516bd05e9e9ff40e8e547f8b841cfffe750,train,4.788,請問拼音輸入法嘅進程去到邊度啊?,artifacts/datasets/external/common_voice_26_yue/extracted_train/clips/common_voice_yue_31851878.mp3,f6cd85c2c1926833dca5505f64e675927b9cccb3a83524766a8ca1328702b57e,70a2a1738372ac790167d0071c198259df4af8b1e55214fea5070adff0cfbd95
common_voice_26_yue:common_voice_yue_40872650.mp3,random_duration_stratified,f856712ce9787d46e7e1842560b3207682bef7053c8a748ec46d9d0c4878c5c9aa7c4658cfc07cc0b77a2fda18ae34a3d0195303c450949776e00be17ae01a09,train,3.672,仲要落咗元素週期表入去,artifacts/datasets/external/common_voice_26_yue/extracted_train/clips/common_voice_yue_40872650.mp3,95d490b67ba727e9577f934be82e58a9f5057eadad64cdd54b699cecc6870f93,5400289f97c273dcd94b36da48e15a716c4c405c70bc3281e536cea69c880422
common_voice_26_yue:common_voice_yue_40971840.mp3,random_duration_stratified,11659f89bf4a8cc75721a9e37c19d0d81ccf2f20a57578993b78779b9d1def15b1eb4c34c66c45bcb03e4695085352ab3fedc3e913bab68d742989d5726e8caa,train,5.4,嬲個位就係我唔係男人被人嗌阿生,artifacts/datasets/external/common_voice_26_yue/extracted_train/clips/common_voice_yue_40971840.mp3,679b5ad310405c9b69b4ac5f3de4ffe92dca7139079a60e3ea9ffb0db88ba4e9,9135efb4e55925f89319489497962c7d8637898659eb037d3ba2ef4e61125d20
common_voice_26_yue:common_voice_yue_40808700.mp3,random_duration_stratified,881f02f0d538d3a6ae0e214ce7c4982cde9664548f1df6e6e5573fa1f82a6e009d9c2264782f528006e069699de7f429209c570145ff85621f0ff8758fb0a568,train,4.356,"啊,我唔知我咁諗會唔會好蠢",artifacts/datasets/external/common_voice_26_yue/extracted_train/clips/common_voice_yue_40808700.mp3,de9b06931eda2120ba2daa93081bb3a7cba3e9accff1600e5195d0e7a2726ea3,6f259664a69a73b7e43a5e7d39cfe26516f8e5b5ba99cb7db198708e043501c4
common_voice_26_yue:common_voice_yue_38923983.mp3,random_duration_stratified,bf5756f6b6d791e315e6c4a585bcfeffdfcc387080f5fe48f04b8227db0f49c81f187dbed9ce590c3ebec14e4cdce8dd3607ed27f88a7f6a4b6269fe5695b4aa,train,3.456,你噉樣一啲都唔知驚,artifacts/datasets/external/common_voice_26_yue/extracted_train/clips/common_voice_yue_38923983.mp3,b5bb70f600d11126026c26a44acac0c0e1c7c827ba3ce94bc9fb0720db728bdd,ec9f5e7a9cf6451e99997920f8aec19a07990948a0c8c738466dd5009a278a69
common_voice_26_yue:common_voice_yue_31938743.mp3,random_duration_stratified,296fc041158296beb6f278aaa5c3a52f4081399ac382c891f7c83e71e003b5cda77d6dbcd52e8013bea1b5797c89192c9c8f5c4282e80912632c65f54ad6ba78,train,7.128,"以前就話入鄉隨俗,而家變成入鄉除族,清除個除",artifacts/datasets/external/common_voice_26_yue/extracted_train/clips/common_voice_yue_31938743.mp3,0b74b4e869e69aed4544c016b93eae5676df2656d92f83ca1caca1e6e2896386,2aea7cf672a7811d4fc7aa7316304403c772b4b84334489dd8d96f1c55467275
common_voice_26_yue:common_voice_yue_31959556.mp3,random_duration_stratified,08b7eb660ea4bc63ac6e1cbae979bc58be881c387d0afe43529b524e6883e279718289ced539da796c5b0eb619351fe50cb99b7cbcfe8bf4731380a0815fe6f2,train,5.148,原來你有個咁有新意嘅諗法,artifacts/datasets/external/common_voice_26_yue/extracted_train/clips/common_voice_yue_31959556.mp3,82e1fda4fb99b4e3467912e2fb9308e3f2b8d28f078c9fad9a2578cfd2259546,c50a10b7b0b78de31236ab98a2253abdf60ea3dc4fce3267cce4a75d958c353b
common_voice_26_yue:common_voice_yue_37233885.mp3,random_duration_stratified,cd3e740f4ec29044a88b92d330130b0dcd80f057fbec333d020d36e29a1a3c90a5e3cdad15b6ef28b8559435bb3b256a5c26f7b433dd5807caf2bccaf80c50bf,train,7.488,"你講情滿珠江咓,我都好鍾意睇㗎!",artifacts/datasets/external/common_voice_26_yue/extracted_train/clips/common_voice_yue_37233885.mp3,fa1e515559623e15bf7e6411ab034acc3f62bab0daaa8b62828f43a6e2b5dd95,96cb1f6d093ef5671a9eb391fcb1ebb19132970a28f026d46c9cf58e77a3cd24
common_voice_26_yue:common_voice_yue_31180411.mp3,random_duration_stratified,17646eca2b24949bcef5ebb9069de5b3725227f2b5860377cc93f83efde8b9c5a8de82da667e822037f29120b89855997979736c3da785e65206d8d01e53f721,train,2.628,我第一次學粵拼,artifacts/datasets/external/common_voice_26_yue/extracted_train/clips/common_voice_yue_31180411.mp3,4b9f51d86dd51ebb8ebeac8643fd0d8effe6d145d9dc03828624c46e701bc30d,41195212c1a8e6b2fa0f492bf43602516ab570ad244cb11a151f98ae87317f92
common_voice_26_yue:common_voice_yue_37498635.mp3,random_duration_stratified,64706927d3363f6e2108f10660e2d0f025b84bcbac05f9ac6e73b61d17e59ce5fa6bab6d584568c1f66c5f1685b47b449ccf212f24a055742c28a069dde3344c,train,4.716,"有咩問題可以講出來,呢度大部分朋友用粵拼",artifacts/datasets/external/common_voice_26_yue/extracted_train/clips/common_voice_yue_37498635.mp3,fe8a8e834ddd77fb903d2e96bd926538f7040d8bbff0a2c57a39196496b678ee,f600c15bc14c47718266f82aa62945edbe6b92bfabe21feb76bb1ecd866585f1
common_voice_26_yue:common_voice_yue_41067868.mp3,random_duration_stratified,8830d3d79a46c12b467aa25c61cb7c067b50ca9433b18eabf3eca4e5e96dfca9e75187e24b320d5d658595fd23f84dd638717f9bda71f25d72b9fc34fa04c6b1,train,4.32,"自己搜尋,唔睇走寶",artifacts/datasets/external/common_voice_26_yue/extracted_train/clips/common_voice_yue_41067868.mp3,8cb4c92548ee1b119d5e4e9a2c398230c48d665418bef47dec9070771c0d864c,e656ccedbe63bfa4a89470d8d87bf7c3622a1e85035c5e1994a8db7b5fcda65b
common_voice_26_yue:common_voice_yue_40648974.mp3,random_duration_stratified,08e6fb30713a900d67ebd66baa95575d94eea0ef39036069be4b9f814c315a1cb059cd250982a1ed7d70b15bc089f8ea85fdf64ede4641b522b75226a24d9293,train,3.348,我應該而家開始彈?,artifacts/datasets/external/common_voice_26_yue/extracted_train/clips/common_voice_yue_40648974.mp3,6b8e9169439944054cca7b468727b90e60d6f7d07072e4f02fe8b7ebae8644eb,025ab9615b9f1ebbbf94023150861bff90682da6fe75ca6349b3c51910d87b23
common_voice_26_yue:common_voice_yue_39218594.mp3,random_duration_stratified,71749240d14a2774e9a51ac5b3b7466f69d102907ffd19daf966891b470c362893311a015991cb6965959c4fee53a4c16975bc4e8bc733776fc24bf868624b7c,train,4.14,"曬料,岩先仲未串佢",artifacts/datasets/external/common_voice_26_yue/extracted_train/clips/common_voice_yue_39218594.mp3,0e4f565bab4200576ee0ac7a854e887a20309358319e4783b011ae86ce98f3c7,c8a52f4d05731e508a1eb2910621a2a4987d819e69d45f600282d61d6e79839a
common_voice_26_yue:common_voice_yue_31795005.mp3,random_duration_stratified,beace84da6f2e0901ddd7137b2e8ffa9686b845a6bc86a848b99e5dc7f34486c5b1cb658c39c7b9b4a9c2179c3dc644edde3602e2da74b6ccbc656eed574acb9,train,3.492,你發嘅地址錯咗,artifacts/datasets/external/common_voice_26_yue/extracted_train/clips/common_voice_yue_31795005.mp3,dc20643d40cd3b32537d74b81a452d0ab15ec90eea21fa97df411c61fd6c4541,b9b2ba7a56ef7518a11535d59f43c664451be1157cf51c000b47d3e450af93fe
common_voice_26_yue:common_voice_yue_41052176.mp3,random_duration_stratified,d230b1961389aa498bc63fb74a84a9669b7ca030084beeb533367bc4e37585cc669ea09feeab2d6a7203bb4058dd2ee11ac898e8035fcfe1978e1e86b4a6a8f2,train,7.236,你會即刻覺得老豆老母湊大佢哋真係唔簡單,artifacts/datasets/external/common_voice_26_yue/extracted_train/clips/common_voice_yue_41052176.mp3,a086ff80edc9f41cbe10226f9ce2d3eb2f59026b0546c949f2daaf77bf22239e,659689edf7c1593cd5ed17d3f67446a5aba0cd357c866ecf3d6ab4a2093ed998
common_voice_26_yue:common_voice_yue_31734536.mp3,random_duration_stratified,3f566093f6955818b7f4e274a69509d3389844602b73f7533765dc65500f29df4b120030cd70172c17950ae20dc0ecb143a7e8b87baa379586918a0f725329a1,train,4.752,掉返轉亦係一樣,artifacts/datasets/external/common_voice_26_yue/extracted_train/clips/common_voice_yue_31734536.mp3,148d6814fff96d71ecee652e287b8e336ac4dd272c6183b8febaee299f50880c,ea798b3f0ccde22c669c386ce9114ab862ea55f8d1455dce3dced5f907100a47
common_voice_26_yue:common_voice_yue_37056249.mp3,random_duration_stratified,5fb02ed517b56c7c1fd2d43ecfabe7f345588e9c463f104b5e79e59cc09883794c94a3584bd0828f5a2627ab08a1a1cc511e698a11d35ec54d54e79ea39964b2,train,4.86,"學人講思維,自己思維就有問題",artifacts/datasets/external/common_voice_26_yue/extracted_train/clips/common_voice_yue_37056249.mp3,68d0b03330f6ccec19420af38111d1ec7bb3557f2e4bc035310a0d168bb8766b,5c689dc9c5fede3c7c8061bfd90b394502161d23deec34b59d25d0a52a1a44cc
common_voice_26_yue:common_voice_yue_31784793.mp3,random_duration_stratified,01a2c53083b073d9d91b7def46d1db81c16ae2e71fc82edfa6b61dcca03949fde265b5a4e9bd106a453a335a72a37c09e1366ad508afb355a25292fe41c90279,train,2.88,都係回覆唔到,artifacts/datasets/external/common_voice_26_yue/extracted_train/clips/common_voice_yue_31784793.mp3,7c1ce38b2a16301419f7fffde289c6c6685359bfb970ec6709349d199f8aa62b,728664cc4c9059cf5f92c01bd38341433df8f53230171dbb4af9123347bf842e
common_voice_26_yue:common_voice_yue_40693263.mp3,random_duration_stratified,eee162bdf1af10dad13fa075913351e0769d780e579c9e80e4a82ef50564eb5c50bf85b4104b0c543294285c46b93014f4e5ec7c72210b8efe9d179384879fa1,train,3.996,噉你唔講我點會明你啊?,artifacts/datasets/external/common_voice_26_yue/extracted_train/clips/common_voice_yue_40693263.mp3,c32fc35529bdab843429808d1e48de5d853f5db50f74159a66cedfae04e4e8a8,e3f9104a8ac00fc775e2293cfa4d8f904d06084334b64c67545211b62b44e186
common_voice_26_yue:common_voice_yue_32255705.mp3,random_duration_stratified,fa9d540497f64f328b4df3ece7afaa8098d91605b603fc15c269630422dc96284769c00a5dab0e92e76507ebecf03f3795fa3d685aba48768bc8a115b843c415,train,3.816,"我好驚好消息,我唔想聽啊",artifacts/datasets/external/common_voice_26_yue/extracted_train/clips/common_voice_yue_32255705.mp3,e9527212d0ad9a86f80afb8641b673252a64678041a4c2d24982bd540351b687,f863e3d1bad43fcf841a662e8454ac315fe4ccc69d03efdd77bd16253ef669e1
common_voice_26_yue:common_voice_yue_40947832.mp3,random_duration_stratified,4aedf8f23d87fd4e01f802697d37854da671e5c7739bc0755c73cc5293bfb33297a36c6fc50fd8170b4daaf3208114aa4eb48b652ac7c020212b17c346977aba,train,2.988,由改標題開始?,artifacts/datasets/external/common_voice_26_yue/extracted_train/clips/common_voice_yue_40947832.mp3,61656d9c1b57db9b78281f302231fef08713e6d6d384588e890f1d3adfc3c730,717b965aadc81a7c5c8eb5276fed4d6a5cbd5ea5833e665fe1451ee8e41b3b7b
common_voice_26_yue:common_voice_yue_31719303.mp3,random_duration_stratified,32b47eff428271f6532defba5f05549ba337ad71bc38de0d43b15150403f0d43e6bfd23233e77874691f50101251d4b492ed6c406fdbc342dcdc607b1274e7d4,train,3.78,"同我哋一齊食早餐啦,我煮咗啲粥",artifacts/datasets/external/common_voice_26_yue/extracted_train/clips/common_voice_yue_31719303.mp3,be209936a517dd873597ffaf73b89a4c45cc9fcacd06c6f0341732ca1187578e,2dde3e5ef79dc15b71be3050e46d8e853ff95afa37b1b7152908c3d6a189e12f
common_voice_26_yue:common_voice_yue_32997885.mp3,random_duration_stratified,3dc5628e48c23dc4db9dd4c058d4873346a612f37c948d358c775bfded3ce7af3a5ecf61ac9500b5ae8bd94ddd931e3a37ae2b6d4ce676e29d7e6ddd43494c2c,train,2.376,但係唔方便,artifacts/datasets/external/common_voice_26_yue/extracted_train/clips/common_voice_yue_32997885.mp3,876cfdae8b41e66728dbfbe3593929111b20a0348ea2ff790baa8a4a8469346b,de922144652bf30219fe7789f1f0a884cf4db10956c48da2d2fae0d080d7af48
common_voice_26_yue:common_voice_yue_31693770.mp3,random_duration_stratified,505c5e50e377e493811ccce98607c8ea75cb58e8baa4421e4e55dff3dcaa3cbea3c91e19e31e7da245ae9521e2c85ac5afd0421f0d7240010592d4f7d01ad516,train,4.32,你係咪利用緊佢嚟博我同情?,artifacts/datasets/external/common_voice_26_yue/extracted_train/clips/common_voice_yue_31693770.mp3,592e6b4b24d5128fda74112264f4e2c2aa528f8c0e26e02c247200616afac8ca,e34845f231b946c06ec3ec765c1dace400d13e0d811adb928ce2cc4f75d70fb8
common_voice_26_yue:common_voice_yue_39601979.mp3,random_duration_stratified,08922ea003be716ba38f99639a6734fa137e405e03ab474d52304f137cc8260c74bb1164a3d324f97439d5251c46c2fed1e9098edb79a9a3cbdf77c4e7b89fa1,train,2.7,等我去幫手買,artifacts/datasets/external/common_voice_26_yue/extracted_train/clips/common_voice_yue_39601979.mp3,efb63c6d88c79526fc243e5285b140fb2f562b561eb60d9cc99c2b39539ea923,6f61d00cd6a7db9c43718c9ce2d7908726f23679f1cb2e3a99caf7a6a2ef40f9
common_voice_26_yue:common_voice_yue_40881428.mp3,random_duration_stratified,9d7705892d3fc90a4c1d9d210e6b70323e4246f68f3eb6b4dedbad40209cf829268d949b7b3c0aada2e943ea7ba00f5bf910973932b0d47e4623fd4200ea1856,train,5.436,下次都唔知仲帶唔帶佢哋出嚟威好,artifacts/datasets/external/common_voice_26_yue/extracted_train/clips/common_voice_yue_40881428.mp3,a863008e1655cfcb57e9ba40ab7ea7d80171f4cd065c53385a28933140b00a7b,7365799ae556d9456bb23c3cf3ff02322dba9e08d42c3c84c49dd25704828755
common_voice_26_yue:common_voice_yue_33052758.mp3,random_duration_stratified,6ffad6914fda2df4c2eb63bb6c0eb2530b4ce9899926050121e38f834fc77f9dd432af236c6e241ba9f12387ffdf74b7eeede93bb101fc84865c1876b3cc0033,train,4.572,又唔見我撤回,artifacts/datasets/external/common_voice_26_yue/extracted_train/clips/common_voice_yue_33052758.mp3,74ef35a468918d1333a5bd79933e5be355d91e03c9449dceeb3c540fda8b08ab,094399a59853ac5b15eb3aa9306cd5242f3f9cce4a0f42527df74ca4a54ffa5d
common_voice_26_yue:common_voice_yue_32062010.mp3,random_duration_stratified,8b01af938b7313243c83494faf44d3f568e84a9766b96d9893cb2e6463254a75d136d34a94f397fc9776d75c30aa7268d5eacdd7270c2a7a08a9e1e41c76fcc6,train,6.336,"既然蠶蝕係必然,點解唔留住一啲回憶?",artifacts/datasets/external/common_voice_26_yue/extracted_train/clips/common_voice_yue_32062010.mp3,ca559e17375bc1b4abf160ec87edb6b5cb4e6c105a8af5cadc63f3fa273d9c3b,9dc3ab019505a9aae0a949710db87e4db5e960ed8772e8e42d23dd5fad28ab64
common_voice_26_yue:common_voice_yue_33554228.mp3,random_duration_stratified,0418ae158d22c6621e04f55138314c2b87c561c3e4fd99dac67632063fb0cf0efa66c26a8cc753b2483861d31530cc9799746c05841dcea5dc34b81e53517aa1,train,3.528,兩個唔係同一個字嘅不同寫法,artifacts/datasets/external/common_voice_26_yue/extracted_train/clips/common_voice_yue_33554228.mp3,13da3527a47653708ce7df14adb68228613c1bd2bf8c1689808138dbab6299a4,bf12a187827fb6e3f8c9771cc76eb1415db52af52989cb6aa91360ec578e48dc
common_voice_26_yue:common_voice_yue_41061710.mp3,random_duration_stratified,0c8fc507ea65959029f91c427f15281afd8d1b1193ad658c3c04c97a58f644836272f0772c42d46f7787f565b984a54fb5f8e46fa75eb350b58b06ff684650a7,train,5.04,"人哋爆粗當食生菜,你就明顯夾硬逼出嚟",artifacts/datasets/external/common_voice_26_yue/extracted_train/clips/common_voice_yue_41061710.mp3,717accdf96ea99a225f24eecde4b75ab5ec5056c3ef1a03758d40a43a69c69a4,24b6e7668f6901dee3b31442a72dff65949139ddc6315ef8a7d701731cf2eb3b
common_voice_26_yue:common_voice_yue_37551477.mp3,random_duration_stratified,c024f4eca03ee5d89adc5a23d4a584d8eb3bcf4e0530fe9d4b8f754c3f76dfab1534195c110d59b3b672ecb4054b15fcc89ab7546e460898c364a6402c20c04a,train,7.596,"玩實物多啲囉,選擇都會多一啲,嗰個年代",artifacts/datasets/external/common_voice_26_yue/extracted_train/clips/common_voice_yue_37551477.mp3,84015b3c7e43371d546288f457c6c221c04203409684ca760ee8ad23972c22e2,03b883645183b2fa7b38dc793598c0a2dafbac581609f6864dfadc0fdfbd899d
common_voice_26_yue:common_voice_yue_40808475.mp3,random_duration_stratified,50b61f9f3c70a39195ad66f3f103b081af9d60fbdf58314a636e75866aa46d0e779455bb15d01ec7921936e2e63f9bc8a39ad76637807fd6496b18f9ee596418,train,5.148,"當然民進黨而家係有好多挑剔嘅位,我同意嘅",artifacts/datasets/external/common_voice_26_yue/extracted_train/clips/common_voice_yue_40808475.mp3,b801b203bb6f76b49e9e3e6c9aa688db633a1ae15982662cc5767519658b8cb5,923daef9a6ef8d41705a854d6ac7a1299a6f5a38dba3f2865dbd6143873377d1
common_voice_26_yue:common_voice_yue_41015497.mp3,random_duration_stratified,6f2952fc6cd9fc3a5a283551e857e704bb5cc8c7548933aeae6d9d8ccfac57498f677365fad12a016424f63a5fe684a812f885add2239eac811743b383087c51,train,2.52,聖誕快樂,artifacts/datasets/external/common_voice_26_yue/extracted_train/clips/common_voice_yue_41015497.mp3,24954daf32e94fac20f8ab362e1cb5f9a7cd8bbf2bf097476ad25710b49b22c5,c5cb4e282cdcd4ead101d91916d8ad7cb86c716ac0b22e529a9de9b005bf3c0c
common_voice_26_yue:common_voice_yue_33000760.mp3,random_duration_stratified,b492cbf9d6bcf51f5f62dffa8410697a675ee4e87c69570f5fa211621d8830d550d9748b5c1620b25b51aef2fa4473654eb53818ef6f440c05e0bf02b6549fe1,train,3.096,今日份問卷已填,artifacts/datasets/external/common_voice_26_yue/extracted_train/clips/common_voice_yue_33000760.mp3,4c36857b9afbe8517087949a1bedb749109954e63118c41a6e786f55f23eb606,5f917b31b54de93f02b9557202f98edc53d5f5ae4114b55693d541b31325ccba
common_voice_26_yue:common_voice_yue_36987390.mp3,random_duration_stratified,cf2a01de1e1cebfc027acc98799c81473e252317667e142ba83003bbec5ab84bc1316974bd1863e30541356300ce3131f9a3ac1b18fb84dc2c783395d4acdba6,train,3.708,我哋今次有三個議題,artifacts/datasets/external/common_voice_26_yue/extracted_train/clips/common_voice_yue_36987390.mp3,9233c3cadb99f6475ef6ab02b51e49c9deabfa1ee2f2e8173a622b6feb483ca9,eeb76bd5f3d16d08d764787d310d9485ef114c380032c1a05e4f34375c95dadd
common_voice_26_yue:common_voice_yue_41070339.mp3,written_risk,6b9c572083b2b25d53eaf0397258ff1918d3dfe2e26847e3a1bcfb7cb2eaa54d28fe5c37873aefbd176659f7067a3813f3f8fd4947b2280448e98d58e4a9e845,train,4.536,綠的紅的藍的仲難理解係點分界,artifacts/datasets/external/common_voice_26_yue/extracted_train/clips/common_voice_yue_41070339.mp3,fae019a78a3713f995acddfe52194bbd03f99b508cb53e4fab7f9d2c72bc2bad,28c275af231f19dad1a9d2c83f075976b1288df8039231221cdf4288bd2ef44e
common_voice_26_yue:common_voice_yue_40733136.mp3,written_risk,50b61f9f3c70a39195ad66f3f103b081af9d60fbdf58314a636e75866aa46d0e779455bb15d01ec7921936e2e63f9bc8a39ad76637807fd6496b18f9ee596418,train,3.888,你有無聽可愛的太妍的火花,artifacts/datasets/external/common_voice_26_yue/extracted_train/clips/common_voice_yue_40733136.mp3,769fd2582245a8baf61be730e3ee76a5c5e9a972fe821113bae224a1b1254baa,37555f6c2a0ed29a1a781a9f8c8b4f67211011a4843ea227d7e88daa1781092f
common_voice_26_yue:common_voice_yue_40997230.mp3,written_risk,6b9c572083b2b25d53eaf0397258ff1918d3dfe2e26847e3a1bcfb7cb2eaa54d28fe5c37873aefbd176659f7067a3813f3f8fd4947b2280448e98d58e4a9e845,train,3.888,大家都是黨的好兒女,artifacts/datasets/external/common_voice_26_yue/extracted_train/clips/common_voice_yue_40997230.mp3,1525a438419bafe1ee26e3a2cc1948b4d49028d41b0ec9f73f77890933fe374a,e3baa87f5fdeb5bb1e1b49b192806aa6d04389a3905471b7b7dbf1e6eb2a6eeb
common_voice_26_yue:common_voice_yue_40997953.mp3,written_risk,7d378ea9561b72b45de7692b9014f776ce2c4779c482f0e23d00df1b8056c54c164d1b27af6f6e441f96f01626c33ac9093156510122940acb3de333c07142da,train,8.856,"而家都冇家教可言啦,問題確實都是出在父母,越沒有時間教的人越喜歡生小朋友",artifacts/datasets/external/common_voice_26_yue/extracted_train/clips/common_voice_yue_40997953.mp3,c5f730d48ed98d980888cf9012a14597a1e715130e6118d513e464225437c618,4d49a170a22b29cb530500ea7fc76a4b576a02bac7c0e43c63672c64ed09822b
common_voice_26_yue:common_voice_yue_41057552.mp3,written_risk,d230b1961389aa498bc63fb74a84a9669b7ca030084beeb533367bc4e37585cc669ea09feeab2d6a7203bb4058dd2ee11ac898e8035fcfe1978e1e86b4a6a8f2,train,10.656,"荃灣截的士先高難度,條條街都係禁區噉嘅?的士站都係空城計",artifacts/datasets/external/common_voice_26_yue/extracted_train/clips/common_voice_yue_41057552.mp3,2febb51b727bba6765d84a4c634e842eacfa7495d4da8505a99f2a7a44d1f746,a42c26bcec833a99e42348bb7a4bdf85ee9a7e22402c4ff7832472017b11f0a3
common_voice_26_yue:common_voice_yue_41062209.mp3,written_risk,d230b1961389aa498bc63fb74a84a9669b7ca030084beeb533367bc4e37585cc669ea09feeab2d6a7203bb4058dd2ee11ac898e8035fcfe1978e1e86b4a6a8f2,train,4.788,但係而家紅的綠的兩樣都冇,artifacts/datasets/external/common_voice_26_yue/extracted_train/clips/common_voice_yue_41062209.mp3,97b491e6482c344b774098bab89ad36e73567a92e776ae4678014125d6e7ae20,65bea1e8504980f09f1c84ed9d6244f9ce528677d9b5e03affe2feeaa2804d6f
common_voice_26_yue:common_voice_yue_40653561.mp3,written_risk,7d378ea9561b72b45de7692b9014f776ce2c4779c482f0e23d00df1b8056c54c164d1b27af6f6e441f96f01626c33ac9093156510122940acb3de333c07142da,train,3.636,的士分法又係另一個世界,artifacts/datasets/external/common_voice_26_yue/extracted_train/clips/common_voice_yue_40653561.mp3,1ab56a6d400c4e7bef865632a4ec8a8125910f4f0e28e698784d121c2bb9ddc2,0110062e3440e41b11542eba557a40e6aabdffef49ccf82853dc5c521a0a5dad
common_voice_26_yue:common_voice_yue_40653579.mp3,written_risk,7d378ea9561b72b45de7692b9014f776ce2c4779c482f0e23d00df1b8056c54c164d1b27af6f6e441f96f01626c33ac9093156510122940acb3de333c07142da,train,4.536,啱啱發現老母食咗我包水星的魔女版嘅粟米片,artifacts/datasets/external/common_voice_26_yue/extracted_train/clips/common_voice_yue_40653579.mp3,7a669ab0b95eb18522f19be1937a00e0ff1edadf3bc245734b8958772b3f74cb,9b52989b7c04bc3220a1f8a60709acc9d3d192b8f91a5cd6111987ffbeaf058f
common_voice_26_yue:common_voice_yue_40672790.mp3,written_risk,7d378ea9561b72b45de7692b9014f776ce2c4779c482f0e23d00df1b8056c54c164d1b27af6f6e441f96f01626c33ac9093156510122940acb3de333c07142da,train,2.916,青衣都要搭紅的咩?,artifacts/datasets/external/common_voice_26_yue/extracted_train/clips/common_voice_yue_40672790.mp3,ae60b4a1599ccc1f421ad8dc3ae770ffd5d6c36664c481139ec4ed9827b5b074,36fecb13d64c9c6b2ea2a3d64f524c53db990b1e9320dfe00be3806288bdab38
common_voice_26_yue:common_voice_yue_40673011.mp3,written_risk,7d378ea9561b72b45de7692b9014f776ce2c4779c482f0e23d00df1b8056c54c164d1b27af6f6e441f96f01626c33ac9093156510122940acb3de333c07142da,train,2.088,你的名字,artifacts/datasets/external/common_voice_26_yue/extracted_train/clips/common_voice_yue_40673011.mp3,0ff464b5172700b29e5e3379d4c7adeb3d096729f1b2e07648c6b465dc92dc48,387edfe88ddde8760131352cc44e7921162066e324c4370b330c7db4fc70eeae
common_voice_26_yue:common_voice_yue_40699065.mp3,written_risk,54edb224f3628ef71c7fbb28cf868625b184f33c5b789e68c4a0abc4cce91ded479649bb998b28c3c827818fbc80f9903d1b65e74a830dff1744895da2bd8ce9,train,3.096,全女班就會猛講是非,artifacts/datasets/external/common_voice_26_yue/extracted_train/clips/common_voice_yue_40699065.mp3,c2c73a118814eb948b41f44159ae1948622782d4f29c8e80ed2a302dda1b86b5,d76a2a34c41315d1f4324b9fab1a9956027bf704b5bd946f7a9f1c9023ce15a8
common_voice_26_yue:common_voice_yue_40703331.mp3,written_risk,ce5cf1a50136a0c68ea013167e59280c9e32dae8fb1011319950c54c129fe1e3258a6d91bb1fb6fd09f942d09fef93baaca97801462be2cb71f1eaabeea017d0,train,5.652,公司同事上司從來冇派過開工利是,artifacts/datasets/external/common_voice_26_yue/extracted_train/clips/common_voice_yue_40703331.mp3,c598cf5a86ed79d11fa89035155237270243423edc1354d309842c798e29b083,e1e1e21b6e9b1266cc3b9503b9fc65675a51e3e2eabbd67255813a473c2b1f18
common_voice_26_yue:common_voice_yue_40703582.mp3,written_risk,ce5cf1a50136a0c68ea013167e59280c9e32dae8fb1011319950c54c129fe1e3258a6d91bb1fb6fd09f942d09fef93baaca97801462be2cb71f1eaabeea017d0,train,4.572,"的確唔係點管理,不過係類似",artifacts/datasets/external/common_voice_26_yue/extracted_train/clips/common_voice_yue_40703582.mp3,37039332b8384adb76aaeb8d113ba14462d440b302e7a98f3f160a08e8f54765,9efd76ccd54787659f76cfb51d950d6f163235f937ac5767e7eb5312a345c848
common_voice_26_yue:common_voice_yue_40705399.mp3,written_risk,ce5cf1a50136a0c68ea013167e59280c9e32dae8fb1011319950c54c129fe1e3258a6d91bb1fb6fd09f942d09fef93baaca97801462be2cb71f1eaabeea017d0,train,2.772,恰十九歲的我,artifacts/datasets/external/common_voice_26_yue/extracted_train/clips/common_voice_yue_40705399.mp3,4928feff1b191a413bce89d640fd06b197d5bf85f27425d9780f358dae2f211f,84b2070bb93f90edb4f0702254a7e3cd63721c179b632a749c9e235eef09fa16
common_voice_26_yue:common_voice_yue_40716518.mp3,written_risk,7d378ea9561b72b45de7692b9014f776ce2c4779c482f0e23d00df1b8056c54c164d1b27af6f6e441f96f01626c33ac9093156510122940acb3de333c07142da,train,3.42,要是暗淡世情有日放晴,artifacts/datasets/external/common_voice_26_yue/extracted_train/clips/common_voice_yue_40716518.mp3,49d7e52e55cc358688a0a4bf2575e2b2d4d194167e33d17c45a97f60f574019d,53a7c8102b04ddafd455e9901f6e3a63802b5007b113c076a54fa0d3ec3aba03
common_voice_26_yue:common_voice_yue_40717026.mp3,written_risk,50b61f9f3c70a39195ad66f3f103b081af9d60fbdf58314a636e75866aa46d0e779455bb15d01ec7921936e2e63f9bc8a39ad76637807fd6496b18f9ee596418,train,3.78,究竟荃灣係點截的士,artifacts/datasets/external/common_voice_26_yue/extracted_train/clips/common_voice_yue_40717026.mp3,187da55b6c90e45a4b41e010ec12dde52c8187b888a686bd8d7b6592bc0df360,8fb2ac84873151a2ee2337bf2d88b676e21e452d030039fe2cdad9540a97f511
common_voice_26_yue:common_voice_yue_40798323.mp3,written_risk,881f02f0d538d3a6ae0e214ce7c4982cde9664548f1df6e6e5573fa1f82a6e009d9c2264782f528006e069699de7f429209c570145ff85621f0ff8758fb0a568,train,3.24,是日扮工成果,artifacts/datasets/external/common_voice_26_yue/extracted_train/clips/common_voice_yue_40798323.mp3,bb8460af0e8cdd5c23d68ff75f729718ae9833355c819a70ec0135def83ef0f2,a19490414dd9a02154491817a403a2957f1ca3daea8002501833df34e5aa7fcd
common_voice_26_yue:common_voice_yue_40812521.mp3,written_risk,fcd98da0964b014d43574354c48330229545c61a71dd49ffd20704dda9767afbdc94b5ac5b887faccfb780ee674b36867894f7273c91b7cd519f2b407e38bae3,train,11.7,"我都估到廣州過去深圳做嘢,同個啊媽就講冇男朋友。,我陰謀論可能係講普通話的,不好意思講畀佢啊媽聼",artifacts/datasets/external/common_voice_26_yue/extracted_train/clips/common_voice_yue_40812521.mp3,71c97571b85e8ea3e80466b48c21ff6c049b068e65e7e5c86be9559f8834d666,f7f331a2b3e8a6e3301877f31655972b5313e0518d59a88b5e9d947b0f2a19e4
common_voice_26_yue:common_voice_yue_40841764.mp3,written_risk,d08d49aeba63a96d22cadd7a38a860801c78836f7b478112ec45acdae40425980a4ef4cba18f55b6d33b4088c690be28f68d6487bafa9c80462024185c6b3cd2,train,3.78,我都話想吹水就是但吹,artifacts/datasets/external/common_voice_26_yue/extracted_train/clips/common_voice_yue_40841764.mp3,e40758e5fc9da45f1331b7fbc6c5a4b43c6787abf6ac747e04b9bd17063553b3,954d7f35cb15ead44741079fb6785d72affe36063e1621aa5bebe8097b6c32a0
common_voice_26_yue:common_voice_yue_40876375.mp3,written_risk,fcd98da0964b014d43574354c48330229545c61a71dd49ffd20704dda9767afbdc94b5ac5b887faccfb780ee674b36867894f7273c91b7cd519f2b407e38bae3,train,3.996,"乜嘢公司事,開工利是都冇",artifacts/datasets/external/common_voice_26_yue/extracted_train/clips/common_voice_yue_40876375.mp3,b5fa787dcb2530f9106e3952ecf1aee3e2d606b7dddb9d3f2083aba21b4a8675,bdf8cff6b93ec3e32f768dd8513dcda3f389009ba8b2bb228278e5f11a04bd31
common_voice_26_yue:common_voice_yue_40922275.mp3,written_risk,3a4f6d2e3ea2d8474d8817de9f66b52cbceac04317a5d441e7bc978813a757f4f9fc25524a1781cee9f89c200bc7e98a61e01ba8e5320defcb6f7969582deef4,train,3.636,簡單啲講即係自以為是?,artifacts/datasets/external/common_voice_26_yue/extracted_train/clips/common_voice_yue_40922275.mp3,f875a48028fa20ae1896ce8bc2758780e4a3652d3d28e19cfe0fe739d66d04a9,672ae271633f89aef3facedf585d4931f4f34ec7af844b424da76288f6fc36be
common_voice_26_yue:common_voice_yue_40973488.mp3,written_risk,badbc1454c9286ad95b3046344380deb0f54183664741c48c97f55bfef7da4b11d2227b16c32e6d27a99df0ce500592bc4ba9d6b05dee4dd749d4c1a762684da,train,3.348,好似得一個位有綠的,artifacts/datasets/external/common_voice_26_yue/extracted_train/clips/common_voice_yue_40973488.mp3,ff901748ed8182d302773477e1a68496762519936ca171d5ab2ec5db09039998,acf0a4bcdb324c948d0c0ffe1b26cb268addd47d68cdc60bdb8179025efb7568
common_voice_26_yue:common_voice_yue_40984475.mp3,written_risk,e5b4acaac5e9c73b7d7c16191b633926994e7e033511929af325074d3477fb319c41bb65b6105634fbd4be3d94dd05bf4d6f72580c0675b3ebe7f60a4e6a6c7d,train,3.96,仲要係只可以問是非題,artifacts/datasets/external/common_voice_26_yue/extracted_train/clips/common_voice_yue_40984475.mp3,435b5855e12ff958ba92485f0e5ba1043c8c6e12cef949e69ec2c9746fa1684f,77bfddccf47a7f8a7fb3b77129a553b7bcbe74fb28858a25ae89be9bcd537223
common_voice_26_yue:common_voice_yue_40999400.mp3,written_risk,6b9c572083b2b25d53eaf0397258ff1918d3dfe2e26847e3a1bcfb7cb2eaa54d28fe5c37873aefbd176659f7067a3813f3f8fd4947b2280448e98d58e4a9e845,train,4.536,至少你要行路或者截的士都有個譜,artifacts/datasets/external/common_voice_26_yue/extracted_train/clips/common_voice_yue_40999400.mp3,b8752c2bbc0bc3a4ba5c8a95defd9e4263601b4e67e8c780271a0e3598f7341b,234e800749f929f60c9000b9df1c77a77f3306ab6349d22e3757d0959cdae45d
common_voice_26_yue:common_voice_yue_40999630.mp3,written_risk,6b9c572083b2b25d53eaf0397258ff1918d3dfe2e26847e3a1bcfb7cb2eaa54d28fe5c37873aefbd176659f7067a3813f3f8fd4947b2280448e98d58e4a9e845,train,4.86,"邊個令你從此推翻,對愛情那些宗旨",artifacts/datasets/external/common_voice_26_yue/extracted_train/clips/common_voice_yue_40999630.mp3,acd52527e57038340a08e3bc29ab7cb869852702b88810529bd71fd4b842884f,6fb8a41bdabec73bf2a5d4d9071086b9ae07ab3eacef7c046f62ae88dca015cd
common_voice_26_yue:common_voice_yue_41011393.mp3,written_risk,6b9c572083b2b25d53eaf0397258ff1918d3dfe2e26847e3a1bcfb7cb2eaa54d28fe5c37873aefbd176659f7067a3813f3f8fd4947b2280448e98d58e4a9e845,train,7.38,"咁可能個個旅行嘅目的都唔同我除咗想見識多啲嘢,仲想休閒一下",artifacts/datasets/external/common_voice_26_yue/extracted_train/clips/common_voice_yue_41011393.mp3,ced6be00cb7735a404f506d4160a03f7f05c7985433185800300594f4962c383,e06818f95135aed724ddde5e100d7f4c0dee0e4b851eaea6d7c593620b26a6f0
common_voice_26_yue:common_voice_yue_41019281.mp3,written_risk,e5b4acaac5e9c73b7d7c16191b633926994e7e033511929af325074d3477fb319c41bb65b6105634fbd4be3d94dd05bf4d6f72580c0675b3ebe7f60a4e6a6c7d,train,3.24,你的名字梗,artifacts/datasets/external/common_voice_26_yue/extracted_train/clips/common_voice_yue_41019281.mp3,40e1d912b1833991ed086d12228822fe063c2039144a813f80e00ff41583460a,b4c32109211ca3f51265cbaa6b55ef40d8d6b986d3fcc972a20d4124fbe34c57
common_voice_26_yue:common_voice_yue_41035924.mp3,written_risk,da29e7ba208fd87e4f7c6db6ccb417d0188b792aa3824685845677e7df1f0e2b71bf29c8599fb2779bd276d83eeebb1ab2883d23f53ccf45ebb498a2e5d3e5cc,train,8.028,"左右兩邊的水都係遮耳,由前到後斜剪上去到同後面剷咗嘅位打平",artifacts/datasets/external/common_voice_26_yue/extracted_train/clips/common_voice_yue_41035924.mp3,5037f6d1be16ca4a973c4415a6f53337c4711fa7d039d5fa1458a99a1f15cfad,fbae20d578770b8be422394ae6e7304fa2dbead27f6ec77feb9942276e215c7c
common_voice_26_yue:common_voice_yue_41040250.mp3,written_risk,3c66a28d6497f400a5ea996c035efc1c169f7fa2b64a53ed93ed14e8a06f0a8d59210bcb0e3db63df6b93ec0aab7c2ddc86f6dd896a77cb648b5d3ef8af1d616,train,5.58,好似有啲的士可以行嘅路都唔一樣,artifacts/datasets/external/common_voice_26_yue/extracted_train/clips/common_voice_yue_41040250.mp3,2eb22e3154776085bf1ab17800833c1d11644b5936d735e3768b58478337d37a,d0f0c39d70bdc0ebd21fb38db50f648cc1c1d127822cca2c620b790f0c32c888
common_voice_26_yue:common_voice_yue_41041589.mp3,written_risk,e5b4acaac5e9c73b7d7c16191b633926994e7e033511929af325074d3477fb319c41bb65b6105634fbd4be3d94dd05bf4d6f72580c0675b3ebe7f60a4e6a6c7d,train,3.996,"唔止,好似有兩三個的士站都有",artifacts/datasets/external/common_voice_26_yue/extracted_train/clips/common_voice_yue_41041589.mp3,69eaa7f8d012d925b5c8e102f6f81eab50e722263db9feb04c121a43185d1581,711036c0a8e63834447608cf8a3b35d754df235fdd0dea82e73fd176e4742f0f
common_voice_26_yue:common_voice_yue_41041609.mp3,written_risk,3c66a28d6497f400a5ea996c035efc1c169f7fa2b64a53ed93ed14e8a06f0a8d59210bcb0e3db63df6b93ec0aab7c2ddc86f6dd896a77cb648b5d3ef8af1d616,train,4.716,的士陳唔被叫雞嘅話都有排撈,artifacts/datasets/external/common_voice_26_yue/extracted_train/clips/common_voice_yue_41041609.mp3,ee94c06fab4bdccac3f049c63f54f2b2b25d6fb0df1383ff481e89f4b54a4698,c8f7577dda6cf22e0cc2dd737aa03c47d84ba27396e3264bf0050ca8846f2d24
common_voice_26_yue:common_voice_yue_41041752.mp3,written_risk,e5b4acaac5e9c73b7d7c16191b633926994e7e033511929af325074d3477fb319c41bb65b6105634fbd4be3d94dd05bf4d6f72580c0675b3ebe7f60a4e6a6c7d,train,3.096,噉返工逗到好多利是嘅,artifacts/datasets/external/common_voice_26_yue/extracted_train/clips/common_voice_yue_41041752.mp3,093aa8e7f4c57e3aefda614b89ca98f81229e9f15dd19f376aa7fff0c8e0e26c,2911163dd9f396de78d17654a2ac8d75034b7d4eed58138167c6225c59fa0d07
common_voice_26_yue:common_voice_yue_41045263.mp3,written_risk,d230b1961389aa498bc63fb74a84a9669b7ca030084beeb533367bc4e37585cc669ea09feeab2d6a7203bb4058dd2ee11ac898e8035fcfe1978e1e86b4a6a8f2,train,4.356,綠的好似得一兩個站有,artifacts/datasets/external/common_voice_26_yue/extracted_train/clips/common_voice_yue_41045263.mp3,b12c0e9e48b4261c92f3dc9e64bd0d0643d91794508dad6e420ed9683f20b2d4,f1f5c9d1508640b252329e9e27ed4458603a1bf9d796cd5bc8c4df893003d762
common_voice_26_yue:common_voice_yue_41046080.mp3,written_risk,d230b1961389aa498bc63fb74a84a9669b7ca030084beeb533367bc4e37585cc669ea09feeab2d6a7203bb4058dd2ee11ac898e8035fcfe1978e1e86b4a6a8f2,train,6.336,都唔夠國家是但一件真人真事癲,artifacts/datasets/external/common_voice_26_yue/extracted_train/clips/common_voice_yue_41046080.mp3,f96b7a4caef2b040c2759bc804b888e312b8a1c3608094a6c7cd6a8ca22f3e6f,26c9711d3932ad0bb38017321566ffbb6ee078bf7195e6e2bc57df38dba45514
common_voice_26_yue:common_voice_yue_41046081.mp3,written_risk,d230b1961389aa498bc63fb74a84a9669b7ca030084beeb533367bc4e37585cc669ea09feeab2d6a7203bb4058dd2ee11ac898e8035fcfe1978e1e86b4a6a8f2,train,4.716,我在期待的自介,artifacts/datasets/external/common_voice_26_yue/extracted_train/clips/common_voice_yue_41046081.mp3,4487d2d3bb8e53d1c83291d90bd3f5898a8244168656d2174bb69a73d25f669f,0460c0d68ae7b687537981c90563767ca8ad4ced19093f1b066a6f27f29a6a02
common_voice_26_yue:common_voice_yue_41049689.mp3,written_risk,d230b1961389aa498bc63fb74a84a9669b7ca030084beeb533367bc4e37585cc669ea09feeab2d6a7203bb4058dd2ee11ac898e8035fcfe1978e1e86b4a6a8f2,train,4.86,喺條街度仲易截過的士站,artifacts/datasets/external/common_voice_26_yue/extracted_train/clips/common_voice_yue_41049689.mp3,b88322e150c5580771bc412adbbb98276c726cf229e4507800d89cd5bcec12f1,21c41813a669b91127c32168689b8560532be6303813cd5aa83f53fc4209a6fd
common_voice_26_yue:common_voice_yue_41051574.mp3,written_risk,d230b1961389aa498bc63fb74a84a9669b7ca030084beeb533367bc4e37585cc669ea09feeab2d6a7203bb4058dd2ee11ac898e8035fcfe1978e1e86b4a6a8f2,train,2.736,青衣紅的,artifacts/datasets/external/common_voice_26_yue/extracted_train/clips/common_voice_yue_41051574.mp3,4cbfe9f42345b471e183ae7d8e6c4a7584565d2dd7c8570b6c0f2e66c1099f68,ffe58588c0685b8cb2b159c22320b8f92450dee3316fccfdb950130857cca117
common_voice_26_yue:common_voice_yue_41056369.mp3,written_risk,d230b1961389aa498bc63fb74a84a9669b7ca030084beeb533367bc4e37585cc669ea09feeab2d6a7203bb4058dd2ee11ac898e8035fcfe1978e1e86b4a6a8f2,train,3.06,利是逗來,artifacts/datasets/external/common_voice_26_yue/extracted_train/clips/common_voice_yue_41056369.mp3,d957b62e609fd4dd335938be26409c37c431466b3c4ac9f3e5224fe386d22af7,8eb3671488364f233932f66464144ade8cf2d1572b481268366f8dacbb5122d1
common_voice_26_yue:common_voice_yue_41057331.mp3,written_risk,b1a12c0c1ec60b2aaf366d0fee8e3a7625b3a3bc5c957aca66cf3287c2333b909d172ea3fca38193fe7d4cd0ba7392711cbe7da53de1c518e80bc9698ec4889b,train,4.788,奶咗有好結果其實得的士陳,artifacts/datasets/external/common_voice_26_yue/extracted_train/clips/common_voice_yue_41057331.mp3,7f709babb2fdb89794a8e374fab969d02a8596c6d75825a84bcd8658243c79c4,b9af4c09075138b324f21c6e577adfd98273694485ed7d08ce5fbda2fd11689e
common_voice_26_yue:common_voice_yue_41058096.mp3,written_risk,0c8fc507ea65959029f91c427f15281afd8d1b1193ad658c3c04c97a58f644836272f0772c42d46f7787f565b984a54fb5f8e46fa75eb350b58b06ff684650a7,train,3.636,得一兩個位可以綠的,artifacts/datasets/external/common_voice_26_yue/extracted_train/clips/common_voice_yue_41058096.mp3,b9cef4d1d642a41c971dddef5cfd2694b77a07d54ed1528e300b8f69512c2b71,3d0694ab2c81bb9431062e126a19afdd4b06bd301a2a4a8cf3d1057772503c2a
common_voice_26_yue:common_voice_yue_41058895.mp3,written_risk,3b485c3d471434c731492c7b521190988b5d77c345b789050345fa2219f312d728072edbf06371933ee001df66f022b9d67b1f3e0123fc9454c72093ee74b9d8,train,2.88,邊個係的士陳?,artifacts/datasets/external/common_voice_26_yue/extracted_train/clips/common_voice_yue_41058895.mp3,9a015e512f9e117cde23cc3181845071f8b8b872e59b864775719382ba0d4de7,2143188a08055f339d590d50a0a16e79a1c6dce6e1985f211a2b2e0cd2d6fc6a
common_voice_26_yue:common_voice_yue_31173394.mp3,written_risk,73d6dbe193d3732f08490faf79345802d14a710333930f86b36db794273c7cfcfaca12099fa2c934417218b390d196943945fdad5edc2e025c16651bfc80abe7,train,8.568,"佢都誤會咗你,一陣又會刷屏",artifacts/datasets/external/common_voice_26_yue/extracted_train/clips/common_voice_yue_31173394.mp3,8b31008cf08641c66381db083db1816cb313f9fa66ea90a5f11279782b620aaa,f0a5187141252951ae263369adee33443a695f2d3987c72a7492132493690e7c
common_voice_26_yue:common_voice_yue_31173529.mp3,written_risk,73d6dbe193d3732f08490faf79345802d14a710333930f86b36db794273c7cfcfaca12099fa2c934417218b390d196943945fdad5edc2e025c16651bfc80abe7,train,3.348,不過學下都冇壞嘅,artifacts/datasets/external/common_voice_26_yue/extracted_train/clips/common_voice_yue_31173529.mp3,4356b1697ae5875e9a7f1e5c6880aff2bf7bcf862d9b8a05da954da97b636fdc,ba9020e387a53a42fc3b80dcf86f4e8b971c13210f10f45636a27995a191d698
common_voice_26_yue:common_voice_yue_31173547.mp3,written_risk,73d6dbe193d3732f08490faf79345802d14a710333930f86b36db794273c7cfcfaca12099fa2c934417218b390d196943945fdad5edc2e025c16651bfc80abe7,train,5.58,咁啱新華書店有龍珠漫畫,artifacts/datasets/external/common_voice_26_yue/extracted_train/clips/common_voice_yue_31173547.mp3,0579fc741e87646ba92fb780234acb62f05641f14554e86f42bfea0e94f9b35e,157aa789c2b6d5f861aea3c36b89d9d63ecec63a7d7358ae0069240c78b009c7
common_voice_26_yue:common_voice_yue_31173589.mp3,written_risk,73d6dbe193d3732f08490faf79345802d14a710333930f86b36db794273c7cfcfaca12099fa2c934417218b390d196943945fdad5edc2e025c16651bfc80abe7,train,2.34,納稅人嘅錢,artifacts/datasets/external/common_voice_26_yue/extracted_train/clips/common_voice_yue_31173589.mp3,a91739017fd6d3572db464c93ad7be383cac014161015cfb7af631eb4da61d6e,59166c247c39eb94b69e556d8fc56f94bac94c2221f85ab63e2e1e7d29a1ed6c
common_voice_26_yue:common_voice_yue_31173644.mp3,written_risk,73d6dbe193d3732f08490faf79345802d14a710333930f86b36db794273c7cfcfaca12099fa2c934417218b390d196943945fdad5edc2e025c16651bfc80abe7,train,2.376,發生咗咩野事呢?,artifacts/datasets/external/common_voice_26_yue/extracted_train/clips/common_voice_yue_31173644.mp3,0f43682f07aef06910208a52577a55f71d6b019df8b5fccffe561aa9efd965ff,f2be864fb3547892577d4b5c96d84895e772b292cb252c5bc47265676c15d34f
common_voice_26_yue:common_voice_yue_31173672.mp3,written_risk,73d6dbe193d3732f08490faf79345802d14a710333930f86b36db794273c7cfcfaca12099fa2c934417218b390d196943945fdad5edc2e025c16651bfc80abe7,train,2.52,邊個都好啦,artifacts/datasets/external/common_voice_26_yue/extracted_train/clips/common_voice_yue_31173672.mp3,8db52318c84ca42919e651be1fc3f4c8e1ca37a963e9bdf59da4fdded2c21042,f883f4c52f3a9010996ab23820e0c83ea85f346b09e720b705278389244aef5c
common_voice_26_yue:common_voice_yue_31173737.mp3,written_risk,73d6dbe193d3732f08490faf79345802d14a710333930f86b36db794273c7cfcfaca12099fa2c934417218b390d196943945fdad5edc2e025c16651bfc80abe7,train,4.32,希望佢會睇得上呢部車啲優點,artifacts/datasets/external/common_voice_26_yue/extracted_train/clips/common_voice_yue_31173737.mp3,b3d1dee2b2b6e32e9a484113353dab8858563377de8af082f649948de682b730,a13314e7de659b516045e387ebe7a53fdd6175e55a767068f06a1211bbb3359b
common_voice_26_yue:common_voice_yue_31173741.mp3,written_risk,73d6dbe193d3732f08490faf79345802d14a710333930f86b36db794273c7cfcfaca12099fa2c934417218b390d196943945fdad5edc2e025c16651bfc80abe7,train,4.968,"我有一次綁定咗個手機號以後,佢仲要我上傳身份證",artifacts/datasets/external/common_voice_26_yue/extracted_train/clips/common_voice_yue_31173741.mp3,4191f47f7894356d15ea873d61bef69e3dc761c880aa22647d55972bef97bcaf,84f44af43fb10917b41f16c7f34214c2eff87168e15e66fd4e031e5648d8914d
common_voice_26_yue:common_voice_yue_31173749.mp3,written_risk,73d6dbe193d3732f08490faf79345802d14a710333930f86b36db794273c7cfcfaca12099fa2c934417218b390d196943945fdad5edc2e025c16651bfc80abe7,train,3.42,"好嘅,唔該晒你,慢慢行",artifacts/datasets/external/common_voice_26_yue/extracted_train/clips/common_voice_yue_31173749.mp3,a91c34a4cbdfc2ee51b757762e52debb49bfb3a6201f5a5fadb37b56239531df,aead3737767753c53c7f8e9270a8a4cac2bcf00e60966a8318b5bde357d30487
common_voice_26_yue:common_voice_yue_40613666.mp3,cantonese_high_value,fcd98da0964b014d43574354c48330229545c61a71dd49ffd20704dda9767afbdc94b5ac5b887faccfb780ee674b36867894f7273c91b7cd519f2b407e38bae3,train,14.328,"大得佢廿年嘅,即係做得佢阿爸阿媽,就可以嗌叔叔姨姨,但如果佢都二十頭會有啲奇怪,因為你早十年識佢嘅話佢九成會叫你哥哥姐姐",artifacts/datasets/external/common_voice_26_yue/extracted_train/clips/common_voice_yue_40613666.mp3,ea29dcf816e5b368385df63ad4d2e62c0c75d31aa519f7407b60deaa676d2835,32b48076918623309ad13d57ba883bce3fac3ba7256113dd80d6e376403183f0
common_voice_26_yue:common_voice_yue_41046404.mp3,cantonese_high_value,d230b1961389aa498bc63fb74a84a9669b7ca030084beeb533367bc4e37585cc669ea09feeab2d6a7203bb4058dd2ee11ac898e8035fcfe1978e1e86b4a6a8f2,train,12.636,"家屬本身唔知佢做過啲咩,但喺維權過程都理解到同認同佢嘅理念,係真愛嘅力量",artifacts/datasets/external/common_voice_26_yue/extracted_train/clips/common_voice_yue_41046404.mp3,7087580e14873710257a786f8a4c456b4e9b132f06e6ea6798fb431be2e40bb8,724b39cce6d90f605ba0315381312494e1271263189c0cc96b04032543e037fe
common_voice_26_yue:common_voice_yue_38973002.mp3,cantonese_high_value,6ea6b5e439db1d3e6ad24cbcf088bc171ec4d2ad18eb44808da8827eb3c3bf9f43d3de4d3a7b0a91641a609c066ebf1d2ab57b63af66fed32ee1ae713ac2375a,train,5.328,噉你而家做嘅嘢又冇搞禍啲嘢咩?,artifacts/datasets/external/common_voice_26_yue/extracted_train/clips/common_voice_yue_38973002.mp3,40dc275fdad27c98d464b9448f7dbf2bd3ce2ff7d16dbe06406c8b2b5ca6aa90,3d8412adc4815491b6a3cda3d1ca537d2b84affabf9e20ab6ccb6f402f7db6b7
common_voice_26_yue:common_voice_yue_40747687.mp3,cantonese_high_value,fcd98da0964b014d43574354c48330229545c61a71dd49ffd20704dda9767afbdc94b5ac5b887faccfb780ee674b36867894f7273c91b7cd519f2b407e38bae3,train,14.076,"加拿大,當工作假期噉去,預住兩年先,但係其實係用救生艇計劃嗰啲方式,所以基本上都係當移民噉做住先,睇下到時適唔適應,或者中唔中意,同埋香港咩環境",artifacts/datasets/external/common_voice_26_yue/extracted_train/clips/common_voice_yue_40747687.mp3,8b820783d25388c3c83807b3c9ec3f4be881d3302cec4149285ab4b88e01b9ed,240fdaf2a778ad534f228daca40866a9c1dbc8c17353a18e4c600e2769753d2e
common_voice_26_yue:common_voice_yue_40971858.mp3,cantonese_high_value,11659f89bf4a8cc75721a9e37c19d0d81ccf2f20a57578993b78779b9d1def15b1eb4c34c66c45bcb03e4695085352ab3fedc3e913bab68d742989d5726e8caa,train,6.768,噉就要睇下佢阿媽生佢嗰陣有冇生埋個腦俾佢喇,artifacts/datasets/external/common_voice_26_yue/extracted_train/clips/common_voice_yue_40971858.mp3,8e50035bfdb4caf3d6a91a942f6e512fc050e81ce9d15e7fa49345975b7f440d,e12844fc73ac8a5ad06576fdfc39f93bb08150ccc9af4599432118ca26c68f31
common_voice_26_yue:common_voice_yue_41035967.mp3,cantonese_high_value,da29e7ba208fd87e4f7c6db6ccb417d0188b792aa3824685845677e7df1f0e2b71bf29c8599fb2779bd276d83eeebb1ab2883d23f53ccf45ebb498a2e5d3e5cc,train,7.344,"所以佢冇可能將啲咩核算檢測取消,畀着你咁大隻蛤乸隨街跳你都唔會放手",artifacts/datasets/external/common_voice_26_yue/extracted_train/clips/common_voice_yue_41035967.mp3,f5b5595bb54d08f4ab9a82a75d441ade67e78600502e39d0d667be01e8a447c9,bff980e7d24fff01cf447950cb860a7ce3f8d372ee0402cfb93dbce86c190411
common_voice_26_yue:common_voice_yue_31504283.mp3,cantonese_high_value,bd75731ca9b320484180fbbaa9f17461a1a651cc1eb409337190ca8523174975e47b669944d5e8dd8b6a83b8289c4f2432c7ea2ab97abcdaedb9413a55831d78,train,5.796,"噉呢間學校嘅老師,佢哋冇人做嘢㗎?",artifacts/datasets/external/common_voice_26_yue/extracted_train/clips/common_voice_yue_31504283.mp3,d294160b45b58c5041f68a4856d26c9d631c70f83ec8a3a4cf5e556f617e5887,6f8f030df2958c1e1209bf033032cc207a83fdddef6b1d4961acec300e22b1fb
common_voice_26_yue:common_voice_yue_31938535.mp3,cantonese_high_value,296fc041158296beb6f278aaa5c3a52f4081399ac382c891f7c83e71e003b5cda77d6dbcd52e8013bea1b5797c89192c9c8f5c4282e80912632c65f54ad6ba78,train,8.208,"我係唔擔心偷聼嘅,我平時都唔講嘢嘅。又唔中意發語音留言",artifacts/datasets/external/common_voice_26_yue/extracted_train/clips/common_voice_yue_31938535.mp3,0ce6d76e7291d805e94d32adb288077079db5132dfb3869c9c63faac814f4fd1,0746f505422f4858312dbb1c497a6a79af2f5b1aae6020d058b3de6cfcfbbabf
common_voice_26_yue:common_voice_yue_34960356.mp3,cantonese_high_value,203036eb7e30bd381a368c925eee3d6ceb58387bb8259a322c63aee2f5fd218c9fa439180f6717d2f8a7380856a91acd577813bbe47912c7361ceb080754bdf2,train,6.66,"歸納為異體字,會撈埋嗰啲唔常用字嘅字嘅喎",artifacts/datasets/external/common_voice_26_yue/extracted_train/clips/common_voice_yue_34960356.mp3,3534565abd0be725410d651a25ad9cf70b3f5267559b5aa45b9132925e25d5e8,02212dd290968ae96a6f8c1d538402dc2a8dda9287fc732b0d04dc74aa52d58c
common_voice_26_yue:common_voice_yue_40653382.mp3,cantonese_high_value,ef2549753d6376d8aea81d4634c69c2fca584dc24ef4371cd0888b815f75fe347d3333a752c36cb23f98234173f82388e48ad3cb8a78231735e427f1689d5d4f,train,7.74,我好理解嗰種想成為會喺佢身邊出現嘅任何嘢嘅心情,artifacts/datasets/external/common_voice_26_yue/extracted_train/clips/common_voice_yue_40653382.mp3,ad62d861eaadf868af37b424371e42def3f78e73290190045d25ad124ccba2cf,00b5e996c563631df31fb0c2645c88cf085e5f6c549e1bd17a7ae3b2b16c3f9b
common_voice_26_yue:common_voice_yue_40690435.mp3,cantonese_high_value,eee162bdf1af10dad13fa075913351e0769d780e579c9e80e4a82ef50564eb5c50bf85b4104b0c543294285c46b93014f4e5ec7c72210b8efe9d179384879fa1,train,3.348,乜屋企有啲噉嘅嘢㗎咩?,artifacts/datasets/external/common_voice_26_yue/extracted_train/clips/common_voice_yue_40690435.mp3,39ac415f142ffb88d93f4431942f0a8918c6b9e947bace174b7afa96c4f4d135,bedc5add00f3fb34508113a04fdd58cc0f62584477f6b3862da23b5358b96d07
common_voice_26_yue:common_voice_yue_40703660.mp3,cantonese_high_value,ce5cf1a50136a0c68ea013167e59280c9e32dae8fb1011319950c54c129fe1e3258a6d91bb1fb6fd09f942d09fef93baaca97801462be2cb71f1eaabeea017d0,train,13.536,"永遠有啲唔信人嘅人,明明眼前都望到彌敦道就快開片,死都要開住個巴士預報話有車嚟緊,憑咩有自信架巴士嚟到可以有路走?",artifacts/datasets/external/common_voice_26_yue/extracted_train/clips/common_voice_yue_40703660.mp3,20dc98d8767891f527018df88909dc1fbcbc842e113503ca1edae44c2c232365,17cff46c7b9a76821af32b0e8becb62e79b04af01093598a3a4caf2351641d4e
common_voice_26_yue:common_voice_yue_40733012.mp3,cantonese_high_value,50b61f9f3c70a39195ad66f3f103b081af9d60fbdf58314a636e75866aa46d0e779455bb15d01ec7921936e2e63f9bc8a39ad76637807fd6496b18f9ee596418,train,4.968,唔同嘅人自然噉出現喺佢哋會出現嘅地方就夠,artifacts/datasets/external/common_voice_26_yue/extracted_train/clips/common_voice_yue_40733012.mp3,05e912de6e710985c27e99794b710d1496f3231f759d24af59bc2b6eda08e212,fcc16c9a63bf1fcd8e6da7aca7807a550f97562cdcddb23077ae67697760e567
common_voice_26_yue:common_voice_yue_40747083.mp3,cantonese_high_value,50b61f9f3c70a39195ad66f3f103b081af9d60fbdf58314a636e75866aa46d0e779455bb15d01ec7921936e2e63f9bc8a39ad76637807fd6496b18f9ee596418,train,4.428,"計啲噉嘅嘢嚟做咩?,你好恨嫁?",artifacts/datasets/external/common_voice_26_yue/extracted_train/clips/common_voice_yue_40747083.mp3,f979a8036314c00527adff0a133d0ae3a9080fbea1034b6a557c70c4b1611e98,6bc5a04fdffcf3712652bc1b058acc087b67e89ba0d16d6ea0e7b9b1371e8ebb
common_voice_26_yue:common_voice_yue_40808867.mp3,cantonese_high_value,50b61f9f3c70a39195ad66f3f103b081af9d60fbdf58314a636e75866aa46d0e779455bb15d01ec7921936e2e63f9bc8a39ad76637807fd6496b18f9ee596418,train,7.056,"所以我嘅結論就係睇朋友擺出嚟嘅嘢根本得唔到快樂,不如唔好睇",artifacts/datasets/external/common_voice_26_yue/extracted_train/clips/common_voice_yue_40808867.mp3,8b16524307f5da8f70b496c962d2d42a29da2f1c3d5be9dd5bb869b27c97d7a1,755674fca991587f22bff35687f0efa91cc4b470db3e0e71e922c3a04e778a9f
common_voice_26_yue:common_voice_yue_40821739.mp3,cantonese_high_value,ddfa7b9fc09f656b9b4de4ee98e801c2a68b2788730691c6ce8d3998532eecf610ce5caccc94bed53a87fb1430a7410a9e2fe573cf74960f3de4f092fa4491d0,train,6.156,其實好笑嘅位係佢理直氣壯話係佢買嘅但事實唔係噉,artifacts/datasets/external/common_voice_26_yue/extracted_train/clips/common_voice_yue_40821739.mp3,47fef647e5e4ab5d8b1cc02dfaa768705ab189d5769f8233051a6e0df6fbed31,f15a5b7a0d7d4e7835d501c22df0f2db7cdebdf558269471c7e377694e4b85bd
common_voice_26_yue:common_voice_yue_40898590.mp3,cantonese_high_value,badbc1454c9286ad95b3046344380deb0f54183664741c48c97f55bfef7da4b11d2227b16c32e6d27a99df0ce500592bc4ba9d6b05dee4dd749d4c1a762684da,train,9.648,"有個男仔好緊張噉問有咩方法鎖咗啲通訊軟件,唔想俾女友睇到訊息,係因為咩事呢?",artifacts/datasets/external/common_voice_26_yue/extracted_train/clips/common_voice_yue_40898590.mp3,ced038d0edd493275624dc793d67d3376ddcce544664d58ea423c7714a2d06a8,6f74a58d7cf63691195f263fb389bc9dc0b63c6824387e99bc864dc6729f7112
common_voice_26_yue:common_voice_yue_40922223.mp3,cantonese_high_value,3a4f6d2e3ea2d8474d8817de9f66b52cbceac04317a5d441e7bc978813a757f4f9fc25524a1781cee9f89c200bc7e98a61e01ba8e5320defcb6f7969582deef4,train,8.496,"而且,顧住錄影唔救人,都唔出奇,因為錄影嗰個人話唔定巴不得嗰個老人快啲死",artifacts/datasets/external/common_voice_26_yue/extracted_train/clips/common_voice_yue_40922223.mp3,a6a2d4cc9ca5448b813a2366712b29f51cc90027c049c4557b4abecb342d82d8,7e01d81f7a9efd09317a0e8d1fabe399ae2fbe86a8c74036180e4ce7c8f488c9
common_voice_26_yue:common_voice_yue_40970328.mp3,cantonese_high_value,badbc1454c9286ad95b3046344380deb0f54183664741c48c97f55bfef7da4b11d2227b16c32e6d27a99df0ce500592bc4ba9d6b05dee4dd749d4c1a762684da,train,8.316,所以我淨係買啲唔送香港嘅嘢或者要日本地址電話先開到帳號嘅嘢先會搵代購,artifacts/datasets/external/common_voice_26_yue/extracted_train/clips/common_voice_yue_40970328.mp3,6291bad3969d7fe95456a30a5d53d5b81fb450eba91b71673da62ff50ef20fd7,8a59fe17801ac46928a72e455b286fe2031d2060bc5cfa00ee45cbbc2365dc35
common_voice_26_yue:common_voice_yue_41035942.mp3,cantonese_high_value,da29e7ba208fd87e4f7c6db6ccb417d0188b792aa3824685845677e7df1f0e2b71bf29c8599fb2779bd276d83eeebb1ab2883d23f53ccf45ebb498a2e5d3e5cc,train,7.164,"唔係搵藥房畀錢買嗰啲,搵三姑六婆拎政府免費送上門嗰啲",artifacts/datasets/external/common_voice_26_yue/extracted_train/clips/common_voice_yue_41035942.mp3,247149f9bbe382ddf39cb28a2495f6242ad6eb4ecda0e290a75a629f25bdcd14,cbcf5ddf0e1a27a99ce1c4102c75633bbc810c15355b545ceee489b6acafd685
common_voice_26_yue:common_voice_yue_41061634.mp3,cantonese_high_value,0c8fc507ea65959029f91c427f15281afd8d1b1193ad658c3c04c97a58f644836272f0772c42d46f7787f565b984a54fb5f8e46fa75eb350b58b06ff684650a7,train,7.776,"老實講冇噉佢啲賀圖嘅話,大時大節我都唔知點問候人好",artifacts/datasets/external/common_voice_26_yue/extracted_train/clips/common_voice_yue_41061634.mp3,9f35e8622cc42667bbe274d18568d8b916ddc5409b4f54d386b692ef657e837e,9c43a41abba86f8da981d3a22b5adcaf8dfa7f4cf8c7669969bd1c017fce5854
common_voice_26_yue:common_voice_yue_31311543.mp3,cantonese_high_value,b472f8e5800db5f400e4b5858c16d68d205f19888992c65770b5a3852c5bfc0cb94a22890f49ca720dff40b3a1e8d466c2290a3480b916df03ea07322657f0d8,train,7.02,一本通書讀到老係用嚟形容嗰啲墨守成規唔識變通嘅人,artifacts/datasets/external/common_voice_26_yue/extracted_train/clips/common_voice_yue_31311543.mp3,5c2c43270b653cb19e106755c33ed8a7835e621a4f6b573abdb19c93b6bbc9a5,1b0bdf96a81a695f8c2f3059e00faaf98a3df9d58cf2b05e269580102599c9e8
common_voice_26_yue:common_voice_yue_31372026.mp3,cantonese_high_value,1a178c86c1596783be48a7396e89019ef1db095cde77b4270034427af3dad6fe2d379b9cc204daa589f710b1ba2fc76245fd9c2bc6f5b02ecb4d67ee50904304,train,5.58,"佢講啲嘢,好似係,又好似唔係喎,搞到人矇查查",artifacts/datasets/external/common_voice_26_yue/extracted_train/clips/common_voice_yue_31372026.mp3,633747c3c1a69fbb048cfe98cf31b4773d7a6fb7fe01b77c741b734ce3ad0012,8b3cb028c7874a34f46b548ee369778eafa23ad2a4875c2844df16d6b9389cc9
common_voice_26_yue:common_voice_yue_31484070.mp3,cantonese_high_value,f507d8619ebd210fdddb53ce6d3d192c55aacfb7d65c8038629549419afc1d3e683f220bf556a156811b421efb279e07ccd22c72288cbdc11bf5d86556311f2e,train,4.788,佢得到佢想要嘅嘢之前都唔會停,artifacts/datasets/external/common_voice_26_yue/extracted_train/clips/common_voice_yue_31484070.mp3,74572b5681904633786c9ad5e63d9c9d5998df3fc8fd20a7b2912e2fa5aaf6e2,05535502b362dd2d509ee73f6b3b706d87287842b7cd644f4375940280652d38
common_voice_26_yue:common_voice_yue_31719401.mp3,cantonese_high_value,32b47eff428271f6532defba5f05549ba337ad71bc38de0d43b15150403f0d43e6bfd23233e77874691f50101251d4b492ed6c406fdbc342dcdc607b1274e7d4,train,4.248,"我頂唔順佢嚼嘢嘅聲,我對你唔住",artifacts/datasets/external/common_voice_26_yue/extracted_train/clips/common_voice_yue_31719401.mp3,ba6a8b76cbeb0725af52591d2b3d21d292538f3f49bff0667f73bc120516f92f,3a74361aa07a114a8f1adb5f5e0972950b59d9cfd7848f66dd9b115bda232bad
common_voice_26_yue:common_voice_yue_31730358.mp3,cantonese_high_value,1641d86bb68d46da6ebc1397f310b4fee06cbcacdc96cdcfa8d3eb20881751ef3dc267b6a75425d6622d0df99572e700ab3d8668467f18bb5fefd22d5dc7ff84,train,6.3,但我估唔到你居然會用啲噉嘅濕鳩理由嚟同我分手,artifacts/datasets/external/common_voice_26_yue/extracted_train/clips/common_voice_yue_31730358.mp3,e7fa67b4dc427e1dbfb4f83dee29b14b5f76adca92b3659c90d17e803ad6d9e8,7cd51585701bf9e130f4723e34f439a43bdc9602dc0496df0843a7767f9f212b
common_voice_26_yue:common_voice_yue_31736161.mp3,cantonese_high_value,505c5e50e377e493811ccce98607c8ea75cb58e8baa4421e4e55dff3dcaa3cbea3c91e19e31e7da245ae9521e2c85ac5afd0421f0d7240010592d4f7d01ad516,train,5.796,點解會收呢科嘅?佢做嘅嘢又唔係呢方面,artifacts/datasets/external/common_voice_26_yue/extracted_train/clips/common_voice_yue_31736161.mp3,cfd69dd06d898d05023d0cc5505870a00a1a7b5b02fb13e3a299623cb7f9f18a,bae1cc8c294ec15c8955dabc3baad1b4228b5565c893cb7bbf5969c765a268de
common_voice_26_yue:common_voice_yue_31739243.mp3,cantonese_high_value,3f566093f6955818b7f4e274a69509d3389844602b73f7533765dc65500f29df4b120030cd70172c17950ae20dc0ecb143a7e8b87baa379586918a0f725329a1,train,6.336,"噉又唔係嘅,都唔同種類嘅我哋",artifacts/datasets/external/common_voice_26_yue/extracted_train/clips/common_voice_yue_31739243.mp3,e0c528b63192f1b2e32e74c2f672f9f82749a5e0f8ed14104dbf638d6271d128,c0c32fa0e0b1fb437525fa2c45170c526e91f91cbde1ec94891a6a864153498e
common_voice_26_yue:common_voice_yue_31938684.mp3,cantonese_high_value,296fc041158296beb6f278aaa5c3a52f4081399ac382c891f7c83e71e003b5cda77d6dbcd52e8013bea1b5797c89192c9c8f5c4282e80912632c65f54ad6ba78,train,7.74,仲有如果你單個字打出嚟佢就梗係淨係可以二選一噉讀出嚟啦,artifacts/datasets/external/common_voice_26_yue/extracted_train/clips/common_voice_yue_31938684.mp3,76a5d1703e63d9a1903038b004b59f830197eb5e447338df9ba5f5f2ad3223e2,2c828fd20c324b4ea7fc103f0450ab9a5f753ecc0829c21edd8edc7d56fb28a3
common_voice_26_yue:common_voice_yue_31938723.mp3,cantonese_high_value,296fc041158296beb6f278aaa5c3a52f4081399ac382c891f7c83e71e003b5cda77d6dbcd52e8013bea1b5797c89192c9c8f5c4282e80912632c65f54ad6ba78,train,5.004,"但如果唔噉做,佢唔會退學㗎",artifacts/datasets/external/common_voice_26_yue/extracted_train/clips/common_voice_yue_31938723.mp3,f676fb3c1f304859e3235e7aaae986a0daa666746d49fb9f0a72d824a4c32a8c,f9cf18b652409bd89b5492e7f2dab89441adc27ee157db121d36116c1f289b51
common_voice_26_yue:common_voice_yue_31943502.mp3,cantonese_high_value,f507d8619ebd210fdddb53ce6d3d192c55aacfb7d65c8038629549419afc1d3e683f220bf556a156811b421efb279e07ccd22c72288cbdc11bf5d86556311f2e,train,7.776,"呢個未見過喎,生得咁奇離,咩動物嚟㗎",artifacts/datasets/external/common_voice_26_yue/extracted_train/clips/common_voice_yue_31943502.mp3,ea0e51d8b8c59db75c9818802a0cc054614d86c0c5080f6557a5df1b1053e90b,17fc4622d79e5d4c11e4c929ff65376e8c63e45ad38a4cda1acea920c4fd4bfc
common_voice_26_yue:common_voice_yue_31944716.mp3,cantonese_high_value,3ac1a284a10119bbd9f81ab2c64ee3062bd021b9cc8a5ae4d11f9ba2ab54e97e3e7f6fdec74175b596301044897dcc23e2d888677df19d2cc9bb71a34b52c473,train,6.372,"講呢啲冇意義。而家係要敦促佢改正,而唔係聽佢講點解",artifacts/datasets/external/common_voice_26_yue/extracted_train/clips/common_voice_yue_31944716.mp3,bd56a62600439a152d9538046c73fd6aaaa518fbacf1f51071c9699af2748c47,0e8fcd54178389a5d4138e99e03812726c07bf7adc514932ef554f4ca2aa8e08
common_voice_26_yue:common_voice_yue_31944826.mp3,cantonese_high_value,3ac1a284a10119bbd9f81ab2c64ee3062bd021b9cc8a5ae4d11f9ba2ab54e97e3e7f6fdec74175b596301044897dcc23e2d888677df19d2cc9bb71a34b52c473,train,6.876,"唔完全係。用於教育作用嘅話,我希望佢哋學到嘅嘢可以學以致用",artifacts/datasets/external/common_voice_26_yue/extracted_train/clips/common_voice_yue_31944826.mp3,d33027231eddbb741480ee5eadbd0409aaf8e236faf8de0d4c1d7e5b49dd634a,aa7e2c041980e34a586c06e53bb6dd54e46edf42b4e9edc6beb85e22f78223cb
common_voice_26_yue:common_voice_yue_32268779.mp3,cantonese_high_value,f205bdf71e9216863333d0a142c83fb0dd337b825a5d7b69da304d94e7dff7029b273a5347b0d35773c34a64a50ef9bb0bc2135d54d409c4e9ee02247aca00f4,train,5.76,"同敵人一齊嗰陣,就冇咩玩唔玩大咗㗎喇,老友",artifacts/datasets/external/common_voice_26_yue/extracted_train/clips/common_voice_yue_32268779.mp3,7a4d104ec90cf32935168912a9ce14322f0b2191d16cc42c3a445094fd7b6906,8da42d99046acd0907e1c76c770bffcbf72b1aca71acceded8a47b283621d031
common_voice_26_yue:common_voice_yue_32268787.mp3,cantonese_high_value,f205bdf71e9216863333d0a142c83fb0dd337b825a5d7b69da304d94e7dff7029b273a5347b0d35773c34a64a50ef9bb0bc2135d54d409c4e9ee02247aca00f4,train,5.076,"任何嘢出現喺唔適當嘅地方,就應該搵人處理咗佢",artifacts/datasets/external/common_voice_26_yue/extracted_train/clips/common_voice_yue_32268787.mp3,6b6d9cf86bee057e1d3e42df40ee51f79c23cb72920e5d805115018fc009b298,635fd5922f8db646c2721b1fa9fac382ea9b514094f25a8b9de58c490a11c1f0
common_voice_26_yue:common_voice_yue_32275461.mp3,cantonese_high_value,ee809c99ebdf869bd8c751f00eae9831caed639ffd351d22178d9a6be1c889461ea069bd3072ae4bd08021463f845b49d364b6ac877812ec3645e5d42c438105,train,5.328,呢啲咁心寒嘅事我唔會慣到㗎,artifacts/datasets/external/common_voice_26_yue/extracted_train/clips/common_voice_yue_32275461.mp3,24cf21533dabd874732af3b42403eba938ebe973150d32d5b3fe070d5e14ad7c,a6c062708543f0d51a1116359ff97feea90ebb86e128364ad6cbfb556070bea9
common_voice_26_yue:common_voice_yue_32301988.mp3,cantonese_high_value,1b573a3a61d980ffea59f8bbb37b27ced537aec0fc67ae340736ba7183fee5e04a9b83b8a0e21b9f0fe3b3c932101726ca6298dd73547771f80cf1f1c8894078,train,6.156,"唔講餐廳嘅嘢食,就講便利店嗰啲,都好過我哋呢邊多多聲",artifacts/datasets/external/common_voice_26_yue/extracted_train/clips/common_voice_yue_32301988.mp3,4d28c095a7cf1271582789a0de05ca57b84e102e5a3c9d1701c01119a664d377,a710f7c006caf1c298d220bf80c7fa445c28ee3005c2684a086923b02088a8c2
common_voice_26_yue:common_voice_yue_32417089.mp3,cantonese_high_value,1240a6628af8b93de7a740cd59eb4ff2a95d6a6ae39267b006e23e35833c09bb0477dbdc0f1a32300091d23fb156702350432cd0c2f90a05055c25c68d91bfa1,train,5.4,"唔可以畀佢走得咁輕鬆,場遊戲仲未玩完",artifacts/datasets/external/common_voice_26_yue/extracted_train/clips/common_voice_yue_32417089.mp3,744d7b80f2837e6979c8f248c191fd0bc4747251ec3f2a85d43e03dd05029ce7,1a4405b343185fc76f3ad6bc82dde2461ab15f05a22b754b283d9312bdaeec54
common_voice_26_yue:common_voice_yue_32648954.mp3,cantonese_high_value,b158b34562b840a847450fdc8485f4402af776b606c216bb525895732a9e1688c40057c5e6196dd830a777bdf8650fec9aef2d87e56ec9de2575811d30ff3028,train,4.968,"佢係唔係包喺原版入面,唔係另外再裝過嘅?",artifacts/datasets/external/common_voice_26_yue/extracted_train/clips/common_voice_yue_32648954.mp3,a8901d899c465fdb9832dec8a1b2402a58acc43b72bd5ccb4fc845321a7bdb91,edf68549030a181ffe426b5950f0f62424f56c00cdda716a9d3b1dd2e42b2798
common_voice_26_yue:common_voice_yue_35185524.mp3,cantonese_high_value,dd60c03e1be08e8f17aa44ea8052b683d6701fded5546679811161d40dc1764d79245080778dd71831894475127e0efb9a1bfaff6377c5ca89c79af8562f3e99,train,6.228,"我喺更新內容嗰度寫埋出嚟,睇下啲人有冇建議",artifacts/datasets/external/common_voice_26_yue/extracted_train/clips/common_voice_yue_35185524.mp3,ebd0943a0656a521a55eb9f30528efc335985838a57538f8ecff93728dfdd0fd,4699d6b94a1de297968394f9419069f509863c77ad49f03de272cb66c5915b0f
common_voice_26_yue:common_voice_yue_36743558.mp3,cantonese_high_value,f205bdf71e9216863333d0a142c83fb0dd337b825a5d7b69da304d94e7dff7029b273a5347b0d35773c34a64a50ef9bb0bc2135d54d409c4e9ee02247aca00f4,train,8.64,因為古代嘅新會原住民係瑤人 再加上宋朝末年嗰啲走難落嚟嘅人,artifacts/datasets/external/common_voice_26_yue/extracted_train/clips/common_voice_yue_36743558.mp3,04a57c618c82bf21c4625fbe8751ce9f6be4e698064ee1dbdbdc80bf467dddc3,1ba6fbecdf77aad95df4d33ed70a23a75a4109be149434a9bffcf73c4dc6f66b
common_voice_26_yue:common_voice_yue_37291669.mp3,cantonese_high_value,16a332e891e86030aa9d08ab032fe026c4d4857b64902c386f3ede705373ecf9206f58d712a91a07a63dcbd14f133ab48571bfeb88927995224b299916af8fa5,train,4.068,你唔喺話有嘢要發上去嘅咩?,artifacts/datasets/external/common_voice_26_yue/extracted_train/clips/common_voice_yue_37291669.mp3,c61fd7420c04d094a34e7df8e1373e10a059de7be8685df269fb2ab4cf341f90,a9228891f2c27e9ce3df9cd7844e74f03a50c11c800421add80caefda2796170
common_voice_26_yue:common_voice_yue_37298460.mp3,cantonese_high_value,16a332e891e86030aa9d08ab032fe026c4d4857b64902c386f3ede705373ecf9206f58d712a91a07a63dcbd14f133ab48571bfeb88927995224b299916af8fa5,train,6.984,如果你講嘢再係咁唔文明嘅話 你唔好怪我收你線吓,artifacts/datasets/external/common_voice_26_yue/extracted_train/clips/common_voice_yue_37298460.mp3,446f5e9c313fd051b3f9c74c70667d87987d8028ba2e41807c642ce46ecda2e9,a6003cc1b3e6dc7c649c54b44700aa8c792d253d85c0701c6c15be9d09b64b67
common_voice_26_yue:common_voice_yue_39513241.mp3,cantonese_high_value,54edb224f3628ef71c7fbb28cf868625b184f33c5b789e68c4a0abc4cce91ded479649bb998b28c3c827818fbc80f9903d1b65e74a830dff1744895da2bd8ce9,train,3.456,我唔知佢想喺天台講啲咩,artifacts/datasets/external/common_voice_26_yue/extracted_train/clips/common_voice_yue_39513241.mp3,6729e677626f0561d4647426c1b8b6a01d6fcb6927ad43d2488d87bde19c873b,9e7e881450c97581af846b53212cad6e9b352f323ebbff4b07672b72ea0af773
common_voice_26_yue:common_voice_yue_39681777.mp3,cantonese_high_value,a6e7225140b102ad6936ac23944216038ac16e2e88c48b68219e3ccaa68cc240b169b390b35204eac9ddb254f00c3245c4f2181304ffe51d3121ce5958510bbd,train,5.94,但要用啲我哋呢世都唔會得到嘅嘢嚟交換,artifacts/datasets/external/common_voice_26_yue/extracted_train/clips/common_voice_yue_39681777.mp3,566f0c289419fe4857698d89690fe6139c458f704ff7be65cf5ce7bba6145386,1cd584b87519a7d77511e1d3ff6afa1e9db3be7cc56a06a0a9b597f5d00e8366
common_voice_26_yue:common_voice_yue_39681893.mp3,cantonese_high_value,a6e7225140b102ad6936ac23944216038ac16e2e88c48b68219e3ccaa68cc240b169b390b35204eac9ddb254f00c3245c4f2181304ffe51d3121ce5958510bbd,train,4.536,"嘩頂,唔係講笑㗎喎,咁堅嘅",artifacts/datasets/external/common_voice_26_yue/extracted_train/clips/common_voice_yue_39681893.mp3,45df00648c09590b072cf1a2c57e1c42d7a86ca02796a37ec436573d382a4335,179e3ad743c4c6255567052768c52445a7728baa0880596074f58a2165beda12
common_voice_26_yue:common_voice_yue_39928969.mp3,cantonese_high_value,9d7705892d3fc90a4c1d9d210e6b70323e4246f68f3eb6b4dedbad40209cf829268d949b7b3c0aada2e943ea7ba00f5bf910973932b0d47e4623fd4200ea1856,train,7.74,佢哋根本唔知道呢廿年嚟江門對轄下嘅五邑從文化到經濟上嘅掠奪,artifacts/datasets/external/common_voice_26_yue/extracted_train/clips/common_voice_yue_39928969.mp3,c88b231beeaf54d60336741419514694716a83e0fe96d5dd04bfae1332bb20d6,c35d7e3558d168e45f093879a4ca08d45f77d1d4d841f8d2ec0fb45a1dcd1fe8
common_voice_26_yue:common_voice_yue_40641591.mp3,cantonese_high_value,ef2549753d6376d8aea81d4634c69c2fca584dc24ef4371cd0888b815f75fe347d3333a752c36cb23f98234173f82388e48ad3cb8a78231735e427f1689d5d4f,train,6.12,參與嘅嗰啲基本上都係今鋪畀鐵拳揼親嘅人,artifacts/datasets/external/common_voice_26_yue/extracted_train/clips/common_voice_yue_40641591.mp3,cc36639cef404abd5e9386ad6604d8c62c4c57c92159316849fdbb1e1499c7d6,faeef4fff4a2272f1b854ca1215cc63d616504df70df89afe59921a40f4393ad
common_voice_26_yue:common_voice_yue_40653440.mp3,cantonese_high_value,7d378ea9561b72b45de7692b9014f776ce2c4779c482f0e23d00df1b8056c54c164d1b27af6f6e441f96f01626c33ac9093156510122940acb3de333c07142da,train,4.608,"噉我都係嘅,冇乜主動撩人講嘢嘅技能",artifacts/datasets/external/common_voice_26_yue/extracted_train/clips/common_voice_yue_40653440.mp3,639be3cbe46fc8faa17de728300d8a1d5626163c5af5c79abba0a2898c942c30,092d66754f0803d2bee55aaf2535c8beb2f353e48c43bba74bf070cbbbfabb5a
common_voice_26_yue:common_voice_yue_40653560.mp3,cantonese_high_value,7d378ea9561b72b45de7692b9014f776ce2c4779c482f0e23d00df1b8056c54c164d1b27af6f6e441f96f01626c33ac9093156510122940acb3de333c07142da,train,5.256,"冇女唔代表冇仔,呢個年代唔會預設人哋咩性取向",artifacts/datasets/external/common_voice_26_yue/extracted_train/clips/common_voice_yue_40653560.mp3,352bcb57cc9118ffc82566cf8d400b0fe215aba090bd99a146df6e268391d32b,5572d7ecdd104d4f92249c876420a2ef33887e69163caa83363409518ed14b23
common_voice_26_yue:common_voice_yue_31192038.mp3,same_sentence_new_audio,47fc0a87e8a036544553d82fd9807e461182d89376726796045c452d2a6b6a2dc54cac9e7a767136ad4861421131d6f8ed7179ea371144275add58eb7ef00961,train,2.916,"好嘅,唔該晒",artifacts/datasets/external/common_voice_26_yue/extracted_train/clips/common_voice_yue_31192038.mp3,39d97753aa685347b1fe727b7f589b95441f549fd0f05ca2ac0d3b301adb7c0b,3249382b830040d645353a26d5e453e6a2d6926251e97ea62697437e51c14500
common_voice_26_yue:common_voice_yue_31471718.mp3,same_sentence_new_audio,5d839c497460775336854a0587cfbb443adad6cda9cb8a913df6f43efe5eef0ef70f7846c0920cfeebc3dec01978a5356405742ea82a2a40a0cc84af4c910677,train,2.304,多謝你,artifacts/datasets/external/common_voice_26_yue/extracted_train/clips/common_voice_yue_31471718.mp3,47dfe13b070906f880d2158a8f99484b0bb8855e0230b6db0832732e26828697,60546effe75e67b9649ff3a31be6b3e040b2ee534bdb7e07f07d960564199b1e
common_voice_26_yue:common_voice_yue_32886433.mp3,same_sentence_new_audio,27239ee6e4c76fdf3fe7b1cce0b19850d7b0606343acb035198ae589de9bd986ef94afdfc128a2e66cca93a39dfe5022be16bf55c2b90993d313ad4213d0c6e5,train,2.664,又呢又路?,artifacts/datasets/external/common_voice_26_yue/extracted_train/clips/common_voice_yue_32886433.mp3,c37871c31e77785764d2a94f1ba5967e4eb5807270e734e9b2e4fff7ef8f9fff,4b38cc97594c0dcc5730d7e5b79d514433451871322303434a3f013a32ad3d6e
common_voice_26_yue:common_voice_yue_34960426.mp3,same_sentence_new_audio,203036eb7e30bd381a368c925eee3d6ceb58387bb8259a322c63aee2f5fd218c9fa439180f6717d2f8a7380856a91acd577813bbe47912c7361ceb080754bdf2,train,4.716,你都早啲休息啦,artifacts/datasets/external/common_voice_26_yue/extracted_train/clips/common_voice_yue_34960426.mp3,d50ea37d8ce5ce580df25316c6413633424ea8af97a1143a9a51a5f94a55990c,427edd2a39a8caad22d28ada419640ac81d05d0a15729f64e0f837e605d97079
common_voice_26_yue:common_voice_yue_38920351.mp3,same_sentence_new_audio,69da921b6f574158e360d33e83aeb67fd1c89d466869298aa46297aa156b2d9d010818bafb0e3953c675392d241a2a5b2aeb2ac9d38214b198d75dcdb86a7afe,train,2.556,好嘅唔該,artifacts/datasets/external/common_voice_26_yue/extracted_train/clips/common_voice_yue_38920351.mp3,3bdd78aa7a86b6ad6a842729c3a7054f0af322b1fbff96f2606209ea5c9b0942,76118063e080ab6df56a8ca694baf7226607382021c6ab51d7cb3f81c234ba62
common_voice_26_yue:common_voice_yue_38924550.mp3,same_sentence_new_audio,bf5756f6b6d791e315e6c4a585bcfeffdfcc387080f5fe48f04b8227db0f49c81f187dbed9ce590c3ebec14e4cdce8dd3607ed27f88a7f6a4b6269fe5695b4aa,train,2.304,走去邊啊?,artifacts/datasets/external/common_voice_26_yue/extracted_train/clips/common_voice_yue_38924550.mp3,ba56e7446e130aae7240591a6ca5c19e91f2644d9ef4ffb168d67846d5cd7a2c,4724c2417fbb98a70a0f3a8568a247c9880fb72f95b6cd8b0988eb358950e49e
common_voice_26_yue:common_voice_yue_39311521.mp3,same_sentence_new_audio,08922ea003be716ba38f99639a6734fa137e405e03ab474d52304f137cc8260c74bb1164a3d324f97439d5251c46c2fed1e9098edb79a9a3cbdf77c4e7b89fa1,train,2.7,我好掛住你啊!,artifacts/datasets/external/common_voice_26_yue/extracted_train/clips/common_voice_yue_39311521.mp3,7ca2afd3fbb9634c1d67601e883ff6282b2b21e3257ada1c102f2e44ff7e8026,600e35abf21e6c19640aee0cfedcd9e8a2e89cf210e0dea8f338824aa51f1459
common_voice_26_yue:common_voice_yue_39643145.mp3,same_sentence_new_audio,a6e7225140b102ad6936ac23944216038ac16e2e88c48b68219e3ccaa68cc240b169b390b35204eac9ddb254f00c3245c4f2181304ffe51d3121ce5958510bbd,train,3.06,你真係好煩,artifacts/datasets/external/common_voice_26_yue/extracted_train/clips/common_voice_yue_39643145.mp3,eb545ffa7009072cd813e3cf515b6492514c92f69630b3f24dc298145ef6bc64,8f319cb7b5157bdcca0c1d7112e192b3b96adc47d7ec629c3863bcd2ce696e2c
common_voice_26_yue:common_voice_yue_39682069.mp3,same_sentence_new_audio,a6e7225140b102ad6936ac23944216038ac16e2e88c48b68219e3ccaa68cc240b169b390b35204eac9ddb254f00c3245c4f2181304ffe51d3121ce5958510bbd,train,1.98,你係邊個?,artifacts/datasets/external/common_voice_26_yue/extracted_train/clips/common_voice_yue_39682069.mp3,c9511e160d2e910cf456cd4f543bb0a905c882fa66358b6899cf5b865a27bb40,3992efc749f509b9796a005ed4734a75d55db34214cc91dfbf162480f4fe377a
common_voice_26_yue:common_voice_yue_40639993.mp3,same_sentence_new_audio,a6e7225140b102ad6936ac23944216038ac16e2e88c48b68219e3ccaa68cc240b169b390b35204eac9ddb254f00c3245c4f2181304ffe51d3121ce5958510bbd,train,2.556,對我嚟講,artifacts/datasets/external/common_voice_26_yue/extracted_train/clips/common_voice_yue_40639993.mp3,2351040be2f616d5e3a34d68f04766ac2ba6bf7cbf5b7282e7cacda481cfc663,a18546205974eb8fc0aeca5ebc51e07be01e09e1557917e67a31fbaddd18e510
common_voice_26_yue:common_voice_yue_40653423.mp3,same_sentence_new_audio,7d378ea9561b72b45de7692b9014f776ce2c4779c482f0e23d00df1b8056c54c164d1b27af6f6e441f96f01626c33ac9093156510122940acb3de333c07142da,train,2.088,學咗幾耐啊?,artifacts/datasets/external/common_voice_26_yue/extracted_train/clips/common_voice_yue_40653423.mp3,4116965833274e9710904632e7d8c7fc7205618c3c3f131169c7029549232e79,eb0846cdb8f497791dc87aca35f90663f86daaaca757a5936b3d62670aad6bf3
common_voice_26_yue:common_voice_yue_40672899.mp3,same_sentence_new_audio,7d378ea9561b72b45de7692b9014f776ce2c4779c482f0e23d00df1b8056c54c164d1b27af6f6e441f96f01626c33ac9093156510122940acb3de333c07142da,train,1.656,都係嗰句,artifacts/datasets/external/common_voice_26_yue/extracted_train/clips/common_voice_yue_40672899.mp3,3ffd3ca876e8f0209e7f56fca24a254fef49f957d407ab6c2f5c2522505d41f1,7e3cfbcbf7c2152a7e7fa362b10e231000286eb591e63e72af4307a687b4c3b6
common_voice_26_yue:common_voice_yue_40673018.mp3,same_sentence_new_audio,7d378ea9561b72b45de7692b9014f776ce2c4779c482f0e23d00df1b8056c54c164d1b27af6f6e441f96f01626c33ac9093156510122940acb3de333c07142da,train,2.268,打情罵俏,artifacts/datasets/external/common_voice_26_yue/extracted_train/clips/common_voice_yue_40673018.mp3,fbbaf043ca888a75c04586a9e6506818893d7ccea9b1be3b9cd546f38d5ac573,262385575fea3657a962b7e7a9823f75a6d6e82ca67d642a271655d16ffb8280
common_voice_26_yue:common_voice_yue_40673046.mp3,same_sentence_new_audio,7d378ea9561b72b45de7692b9014f776ce2c4779c482f0e23d00df1b8056c54c164d1b27af6f6e441f96f01626c33ac9093156510122940acb3de333c07142da,train,1.98,你驚啊?,artifacts/datasets/external/common_voice_26_yue/extracted_train/clips/common_voice_yue_40673046.mp3,152e71ff151677e68fe2f6a517eea7f25a70c7b24b2e30545bde07766e4d5301,20f1279a7bd37e2dee241b86589eb092bef6214e7357cf088f9537ae01fd343b
common_voice_26_yue:common_voice_yue_40703542.mp3,same_sentence_new_audio,ce5cf1a50136a0c68ea013167e59280c9e32dae8fb1011319950c54c129fe1e3258a6d91bb1fb6fd09f942d09fef93baaca97801462be2cb71f1eaabeea017d0,train,2.412,點解嘅?,artifacts/datasets/external/common_voice_26_yue/extracted_train/clips/common_voice_yue_40703542.mp3,a364951f6be500a66b9aee28960b9a6ff2b21e5e52fd708b03a3311fea46f267,f1045f2c17d0f734d969018db230d59d99c9376f098979d16e09492c61df21c3
common_voice_26_yue:common_voice_yue_40703609.mp3,same_sentence_new_audio,ce5cf1a50136a0c68ea013167e59280c9e32dae8fb1011319950c54c129fe1e3258a6d91bb1fb6fd09f942d09fef93baaca97801462be2cb71f1eaabeea017d0,train,2.556,唔知點解,artifacts/datasets/external/common_voice_26_yue/extracted_train/clips/common_voice_yue_40703609.mp3,26ac16ba33c6264c080bea0ff066506dbb0da53962e2afb4646235c49ed715d5,e5c976f37787279df10d4394827c8bfce4193b02871ff7d18eb7fde5e38de678
common_voice_26_yue:common_voice_yue_40711555.mp3,same_sentence_new_audio,eee162bdf1af10dad13fa075913351e0769d780e579c9e80e4a82ef50564eb5c50bf85b4104b0c543294285c46b93014f4e5ec7c72210b8efe9d179384879fa1,train,3.276,"一定係,除非唔係",artifacts/datasets/external/common_voice_26_yue/extracted_train/clips/common_voice_yue_40711555.mp3,6ddec87bdbb48a41b914acdf6d7dfb38a0b9c27d65c2e7927eba8346965f3602,b2c314a8b6124ee26a70e22eaafa19c4be75b009dd32ba4fe03b99afd0238ea8
common_voice_26_yue:common_voice_yue_40711769.mp3,same_sentence_new_audio,eee162bdf1af10dad13fa075913351e0769d780e579c9e80e4a82ef50564eb5c50bf85b4104b0c543294285c46b93014f4e5ec7c72210b8efe9d179384879fa1,train,2.736,魚唔過塘唔會肥,artifacts/datasets/external/common_voice_26_yue/extracted_train/clips/common_voice_yue_40711769.mp3,afc9d32a0ae1807b749aa99ccb77878ee66e8d4b39a530fad3a81c342e3076a8,a2a8e609965f72bda467c3b01ef9c214f64436847670d9cc898415a7ee976153
common_voice_26_yue:common_voice_yue_40808599.mp3,same_sentence_new_audio,50b61f9f3c70a39195ad66f3f103b081af9d60fbdf58314a636e75866aa46d0e779455bb15d01ec7921936e2e63f9bc8a39ad76637807fd6496b18f9ee596418,train,2.916,節哀順變,artifacts/datasets/external/common_voice_26_yue/extracted_train/clips/common_voice_yue_40808599.mp3,1e324627bb1abf48f8724a7cfd91d7adb764a373b4e5f2768bf0dbc24e596aba,c2df7d28b89335e0bf284a39407a12e4511bfea0b112b800646681dbd05f83a5
common_voice_26_yue:common_voice_yue_40829248.mp3,same_sentence_new_audio,d9cceb8b315c49c96d4bdc66d5c62511cf6eecd4439507b568eca9f2ed746602916e93f37c4cfbbe0c308a3b60551c2ea719cd90deb6647ac189be3c927466f0,train,2.448,我都見過,artifacts/datasets/external/common_voice_26_yue/extracted_train/clips/common_voice_yue_40829248.mp3,b1837080f0fd908f8c04399b31e75ec28f534944d27d4251507560a5b26e0348,f9304170214308f290df0469eb8fa8f0ffa5e94bd13991491b2c2efa928e0a91
common_voice_26_yue:common_voice_yue_40922267.mp3,same_sentence_new_audio,3a4f6d2e3ea2d8474d8817de9f66b52cbceac04317a5d441e7bc978813a757f4f9fc25524a1781cee9f89c200bc7e98a61e01ba8e5320defcb6f7969582deef4,train,2.34,專業人士,artifacts/datasets/external/common_voice_26_yue/extracted_train/clips/common_voice_yue_40922267.mp3,cd5e955a7db389f31ef0160adfeedea50bdeb3ed73c22efa284618bb0344ef52,a829cedbd46ec8d3acd2a0bc84950c2dfa0a4a0ab9b5989df8fd2d02e745c537
common_voice_26_yue:common_voice_yue_40970312.mp3,same_sentence_new_audio,badbc1454c9286ad95b3046344380deb0f54183664741c48c97f55bfef7da4b11d2227b16c32e6d27a99df0ce500592bc4ba9d6b05dee4dd749d4c1a762684da,train,2.52,唔好扮晒嘢喎,artifacts/datasets/external/common_voice_26_yue/extracted_train/clips/common_voice_yue_40970312.mp3,83fb4bca9dd35f6275bb72164e142e6c25655e9f367488f1dfac6029d8d5e920,4b6fe301502f3d2b54d1b5e71824e96f55c506c675e0f8e4ef0c0a2b4e115378
common_voice_26_yue:common_voice_yue_40970346.mp3,same_sentence_new_audio,badbc1454c9286ad95b3046344380deb0f54183664741c48c97f55bfef7da4b11d2227b16c32e6d27a99df0ce500592bc4ba9d6b05dee4dd749d4c1a762684da,train,1.98,係囉,artifacts/datasets/external/common_voice_26_yue/extracted_train/clips/common_voice_yue_40970346.mp3,fd52ef0ba7a45f0d45424fdfe7a380cd2c379fa92a0386ce78f83cea01c5ebc6,aa27ab9e8fac6cf2a562f6e28a349a2ecdba7bc5acee7b6dfd9616bb6df2ccf1
common_voice_26_yue:common_voice_yue_40997908.mp3,same_sentence_new_audio,7d378ea9561b72b45de7692b9014f776ce2c4779c482f0e23d00df1b8056c54c164d1b27af6f6e441f96f01626c33ac9093156510122940acb3de333c07142da,train,2.736,芒果糯米飯,artifacts/datasets/external/common_voice_26_yue/extracted_train/clips/common_voice_yue_40997908.mp3,f9fad451a97478d2842ad8334566fb0c3a94f087ae22a47ccd8f4aa195407993,5c265a70597798cdf8e9c43000ffac13a34ed02789dcaf5e952d7bdecfb2d9ba
common_voice_26_yue:common_voice_yue_41015605.mp3,same_sentence_new_audio,6f2952fc6cd9fc3a5a283551e857e704bb5cc8c7548933aeae6d9d8ccfac57498f677365fad12a016424f63a5fe684a812f885add2239eac811743b383087c51,train,3.168,萬一掂到就要即刻洗手,artifacts/datasets/external/common_voice_26_yue/extracted_train/clips/common_voice_yue_41015605.mp3,fafcaeae9ff4032ba152c4685c506b905580b91710c77b7bf766e8dccbe25790,84d11bb88276f172f836aff173eeab9e5f6d351d947f6236c9f667c6edd9da27
common_voice_26_yue:common_voice_yue_41019200.mp3,same_sentence_new_audio,e5b4acaac5e9c73b7d7c16191b633926994e7e033511929af325074d3477fb319c41bb65b6105634fbd4be3d94dd05bf4d6f72580c0675b3ebe7f60a4e6a6c7d,train,2.448,整色整水,artifacts/datasets/external/common_voice_26_yue/extracted_train/clips/common_voice_yue_41019200.mp3,9e5e6a118f45e4f3765077df41b4c3d9209cb399b1512123ba5323ee78a3a860,ca54eff13dadc11a2ffd640034a595302c2217961b96e4702c3af41588431528
common_voice_26_yue:common_voice_yue_41039970.mp3,same_sentence_new_audio,e5b4acaac5e9c73b7d7c16191b633926994e7e033511929af325074d3477fb319c41bb65b6105634fbd4be3d94dd05bf4d6f72580c0675b3ebe7f60a4e6a6c7d,train,2.52,唔使客氣,artifacts/datasets/external/common_voice_26_yue/extracted_train/clips/common_voice_yue_41039970.mp3,8e196bb4ce397fc50f1db34fb69894153d336182c5ca23e59c14449c1bbc1f74,e5f923387cddb8afaeafc46698ca2a7416d89a29ddebd38d76720d19a0aab952
common_voice_26_yue:common_voice_yue_41041383.mp3,same_sentence_new_audio,3c66a28d6497f400a5ea996c035efc1c169f7fa2b64a53ed93ed14e8a06f0a8d59210bcb0e3db63df6b93ec0aab7c2ddc86f6dd896a77cb648b5d3ef8af1d616,train,2.808,今日放假啊?,artifacts/datasets/external/common_voice_26_yue/extracted_train/clips/common_voice_yue_41041383.mp3,64db2a4729ae88de1bb9133fda5e6e17c741d63c81e7d0bcf1686b8a7557bbe4,9fad070756a21562412bb0dc3fbed5264ecdc9a9154e7a1f32284ba1cecf8a6b
common_voice_26_yue:common_voice_yue_41042582.mp3,same_sentence_new_audio,3c66a28d6497f400a5ea996c035efc1c169f7fa2b64a53ed93ed14e8a06f0a8d59210bcb0e3db63df6b93ec0aab7c2ddc86f6dd896a77cb648b5d3ef8af1d616,train,2.448,去邊啊?,artifacts/datasets/external/common_voice_26_yue/extracted_train/clips/common_voice_yue_41042582.mp3,08abbbfe3b1228042431dfe774a39a2bebe17d43c50853ed4668bd87066661ec,8f039095e657e717ceb9d30f301332153deae0139d74a4702ab5774d2896c8a6
common_voice_26_yue:common_voice_yue_41050143.mp3,same_sentence_new_audio,d230b1961389aa498bc63fb74a84a9669b7ca030084beeb533367bc4e37585cc669ea09feeab2d6a7203bb4058dd2ee11ac898e8035fcfe1978e1e86b4a6a8f2,train,2.88,美國紐約,artifacts/datasets/external/common_voice_26_yue/extracted_train/clips/common_voice_yue_41050143.mp3,d4414e0c280e2f53207913f5dc59ec231c598778bfeb5e567a1020c1bcbb83b0,3f56f4c5cbbe206141021c812cddc2c3acc9f2ab029bf38ee6ec0951a10ece68
